customer_id,customer_name,state,region
10692,"Abbe Mation",NY,Northeast
10907,"Addie Northey",OH,Midwest
10947,"Agnes Haslin",NY,Northeast
10028,"Alejandro Ackeroyd",PA,Northeast
10691,"Aleksandr Menezes",CA,West
10924,"Allegra Beadnall",KS,Midwest
10183,"Alvy Bohea",AZ,West
10051,"Alyson De Domenico",DC,South
10884,"Amara Atmore",NY,Northeast
10129,"Amber Bradmore",CA,West
10781,"Andromache Roobottom",AK,West
10549,"Ann Dooly",ID,West
10363,"Anstice Feeham",OH,Midwest
10866,"Anthony Herion",MI,Midwest
10145,"Anthony Prandoni",KS,Midwest
10513,"Archibald Doogue",MO,Midwest
10713,"Arturo Minto",MI,Midwest
10676,"Aryn Danielsohn",MO,Midwest
10772,"Augustus Plet",OH,Midwest
10058,"Aurelia Philps",AZ,West
10063,"Aurora Deport",TX,South
10982,"Aurore Groger",MI,Midwest
10505,"Baudoin Witz",NY,Northeast
10109,"Bekki Smiley",NE,Midwest
10387,"Bent Cowdrey",IL,Midwest
10818,"Bernadina Hesser",TX,South
10658,"Bernadina Siaskowski",IN,Midwest
10750,"Berthe Casement",IA,Midwest
10395,"Brande Mowson",OK,South
10251,"Brandie Pedroni",FL,South
10898,"Brendon Nono",CA,West
10669,"Brett Chipp",IL,Midwest
10424,"Briny Maplestone",WV,South
10539,"Brittany Ritson",DC,South
10334,"Brooks Barkaway",FL,South
10239,"Byron Dibson",ID,West
10117,"Cacilia Fernandez",TN,South
10465,"Caleb Walder",LA,South
10229,"Cami Priel",GA,South
10751,"Candide Hockell",NJ,Northeast
10913,"Carol-jean Sappson",MO,Midwest
10132,"Carolann Naisbit",FL,South
10959,"Cedric Ilyin",CA,West
10707,"Celle Di Nisco",NE,Midwest
10961,"Charline Gosling",DC,South
10008,"Charmion Lettuce",WI,Midwest
10992,"Chen Bensusan",CO,West
10976,"Cherianne Gorusso",TX,South
10530,"Cherish Shenton",AZ,West
10294,"Cheslie Josilowski",DC,South
10852,"Chiquita Nellis",VA,South
10611,"Cirilo Coole",CA,West
10814,"Colby Mortlock",NV,West
10483,"Collie Goves",FL,South
10839,"Con Feare",CA,West
10607,"Corrina Stackbridge",DC,South
10035,"Dana Batt",ID,West
10003,"Daphna Franses",CA,West
10831,"Dav Estoile",GA,South
10702,"Dell Roundtree",FL,South
10915,"Delphine Corner",NC,South
10386,"Dolorita Corringham",WA,West
10596,"Dominga Clemerson",OH,Midwest
10838,"Dorice De Biasi",AK,West
10220,"Dorris Etienne",CA,West
10595,"Douglas Celler",FL,South
10730,"Dulciana Egell",WA,West
10428,"Ediva Cossans",AR,South
10120,"Elaina Domek",KY,South
10318,"Elenore Willbond",MI,Midwest
10362,"Elisabeth Hulburt",IL,Midwest
10560,"Elston Nore",CA,West
10834,"Emily Fantini",CA,West
10065,"Erma Spiby",AZ,West
10858,"Esme Rogerot",TN,South
10851,"Eustace Scholling",TX,South
10486,"Fancy Beard",CA,West
10372,"Farris De Hooge",AZ,West
10524,"Ferdy Orhtmann",CA,West
10699,"Fields Cullity",IL,Midwest
10870,"Findlay Soulsby",AL,South
10327,"Finn Lesley",IA,Midwest
10872,"Forster Huckin",FL,South
10103,"Fran Cotton",AZ,West
10398,"Francesca Duckitt",AZ,West
10466,"Garland Langer",NJ,Northeast
10267,"Gayel McDell",KS,Midwest
10055,"Georgiana Winterscale",OH,Midwest
10478,"Gian Menguy",MD,South
10126,"Graig Zorn",IL,Midwest
10587,"Gretel Philippart",KS,Midwest
10031,"Guillemette Challiner",TX,South
10137,"Hamilton Rotlauf",NY,Northeast
10923,"Harriet Andrewartha",CA,West
10917,"Haze Pyatt",TX,South
10410,"Hazel MacAfee",MO,Midwest
10026,"Hedda MacCrosson",MD,South
10161,"Hendrick Bulbeck",CA,West
10023,"Horacio Lerhinan",CA,West
10192,"Hube Dany",CA,West
10097,"Hyacinth Boatswain",NE,Midwest
10274,"Ingar Phipps",FL,South
10472,"Ingelbert Villa",CA,West
10200,"Isadore Lubbock",TN,South
10479,"Jackie Pollen",FL,South
10647,"Jaime Oldford",MD,South
10978,"Jamil Ledger",WA,West
10536,"Jamil Stut",PA,Northeast
10624,"Jamison Owbrick",FL,South
10783,"Janaya Durant",NV,West
10782,"Janie Leet",CA,West
10767,"Jareb Trengove",FL,South
11000,"Jeniece Petrusch",LA,South
10928,"Jeramey Gerram",WI,Midwest
10631,"Jesse Briddle",OR,West
10178,"Joella Fishpoole",DC,South
10681,"Jolynn Barstock",OH,Midwest
10342,"Juliane McGinly",WA,West
10182,"Justinn Cowlam",CA,West
10160,"Kahlil Shotbolt",SC,South
10295,"Kailey Shackleton",TX,South
10393,"Kane Gow",TN,South
10422,"Kariotta McCourt",LA,South
10552,"Karlotta Braime",MA,Northeast
10661,"Katherina Brearley",NJ,Northeast
10935,"Kathie Bunford",MN,Midwest
10354,"Kennett Allman",FL,South
10374,"Kevan Clayton",OK,South
10574,"Kimble Derr",CO,West
10343,"Kippie Wholesworth",TX,South
10986,"Kizzie Beeson",TX,South
10667,"Kurt Keeting",LA,South
10780,"Kurtis Spikeings",LA,South
10449,"L;urette Barnhart",NM,West
10696,"Lanae Anstice",TX,South
10613,"Larisa Wasselin",HI,West
10557,"Leisha Hawkslee",MO,Midwest
10983,"Lenna Rheubottom",NY,Northeast
10194,"Leonerd Hubach",AZ,West
10001,"Lindie Rennebeck",CA,West
10360,"Lloyd Merman",FL,South
10768,"Lon Oake",NY,Northeast
10770,"Lucille Payn",CA,West
10721,"Mabelle Thurbon",NC,South
10671,"Maegan Ossulton",FL,South
10164,"Mahala Morican",NY,Northeast
10248,"Marcella Di Matteo",WA,West
10350,"Marcia Brakespear",IL,Midwest
10095,"Marjy Whight",MD,South
10771,"Marleah Overton",CA,West
10246,"Martica Webber",TX,South
10824,"Marybeth Marwood",MO,Midwest
10402,"Maryjo Swain",MO,Midwest
10575,"Maryl Hartigan",MA,Northeast
10072,"Maurita Rablin",WV,South
10124,"Maynord Cloughton",ID,West
10909,"Mel Kernell",KY,South
10133,"Melicent McLice",WA,West
10054,"Melinde Sancho",TX,South
10431,"Mellisa Willeson",VA,South
10388,"Melonie Hadfield",CA,West
10756,"Melosa Oxlade",TX,South
10630,"Meredith Tome",NY,Northeast
10827,"Micah Rusted",FL,South
10234,"Michelina Fedoronko",GA,South
10425,"Micky Clayden",NV,West
10448,"Millisent McIllroy",CO,West
10853,"Milt Ball",CA,West
10542,"Milty Itscowics",NY,Northeast
10228,"Minne Bryning",NY,Northeast
10433,"Mirelle Noteyoung",DC,South
10732,"Mortimer Boxhall",CO,West
10287,"My Grabham",DC,South
10106,"Natale Thurner",TX,South
10061,"Nathalie Anderton",WI,Midwest
10297,"Neale Tommasi",HI,West
10507,"Nettie Tredwell",IL,Midwest
10492,"Nicol Edgin",IN,Midwest
10302,"Noelani Fairlam",KS,Midwest
10998,"Nowell Darragh",FL,South
10259,"Ogdan McLugish",FL,South
10620,"Opaline Eefting",WV,South
10685,"Patience Iannello",CA,West
10523,"Patton Ducroe",TX,South
10403,"Payton Allchin",AL,South
10227,"Peirce Lyes",TN,South
10910,"Queenie Blemings",WI,Midwest
10514,"Rabi Tybalt",TN,South
10646,"Raffaello Figg",TX,South
10677,"Randolph Baiss",MA,Northeast
10945,"Raymund Tremonte",MN,Midwest
10409,"Raynard Kalvin",CA,West
10280,"Reinwald Kime",WA,West
10817,"Reinwald Straughan",CA,West
10223,"Rem Iggalden",FL,South
10875,"Revkah Pinkerton",TN,South
10626,"Rhiamon Yerborn",FL,South
10414,"Riannon Orris",MO,Midwest
10886,"Ricky Normavill",TX,South
10519,"Robb Lightman",CA,West
10545,"Robert Patel",CA,West
10289,"Rodge Toderi",OH,Midwest
10566,"Ron Ashbee",NY,Northeast
10377,"Rosalynd Corneljes",AZ,West
10190,"Rosina Tregust",FL,South
10176,"Roxi Tebbut",OR,West
10400,"Sally Clymer",CA,West
10728,"Shandeigh Lygo",CT,Northeast
10105,"Sherye Marflitt",FL,South
10357,"Sigrid McAless",TN,South
10139,"Sonia Quadling",MT,West
10243,"Spencer Scamadine",GA,South
10128,"Spencer Sellor",TN,South
10820,"Stephani Kinny",MA,Northeast
10118,"Susanne Mattheissen",AZ,West
10984,"Susy Lambertson",MN,Midwest
10111,"Sutherlan Arnaldo",AZ,West
10672,"Sydney Huxtable",TN,South
10024,"Tabina Reston",AZ,West
10580,"Tallou Yantsev",NC,South
10668,"Tamqrah Riceards",NY,Northeast
10650,"Tani Di Ruggiero",LA,South
10123,"Tanney Scutchin",NM,West
10189,"Ted Legier",UT,West
10494,"Teodora MacSharry",CA,West
10093,"Tessa Vidgeon",NY,Northeast
10112,"Tessy Ducker",KY,South
10059,"Thayne Quarrington",CA,West
10943,"Tisha Maggi",NV,West
10216,"Tobye Vashchenko",FL,South
10652,"Torre Hedgeley",FL,South
10977,"Towney Muckle",CO,West
10238,"Travus Rudgerd",WA,West
10069,"Tricia Goadbie",WI,Midwest
10308,"Troy Beardwell",MD,South
10937,"Tynan Wortley",GA,South
10876,"Urbanus Makeswell",IL,Midwest
10473,"Valencia Sawyer",CA,West
10476,"Victoria Frazer",TX,South
10722,"Vina Rapaport",LA,South
10655,"Vivyanne Schulter",GA,South
10271,"Waldemar Orrock",NC,South
10368,"Waldo Toffano",NY,Northeast
10110,"Wandis Scriviner",NY,Northeast
10420,"Web Kondrachenko",NV,West
10119,"Wynn Thynne",OH,Midwest
10316,"Xenos Bradick",AL,South
10844,"Zora Teliga",FL,South
10885,"Abbie Dishmon",OR,West
10173,"Adrien Northway",FL,South
10879,"Aeriela Ullyatt",GA,South
10116,"Aggi Odgaard",CT,Northeast
10697,"Aili Hovert",MI,Midwest
10171,"Aili Simla",CA,West
10666,"Alika Duligall",CA,West
10709,"Aliza Cowell",VA,South
10311,"Amandi Baddeley",NY,Northeast
10456,"Amargo Prestage",MI,Midwest
10167,"Amberly Gyves",NY,Northeast
10848,"Amelia Dachs",PA,Northeast
10361,"Andres Lancaster",NE,Midwest
10201,"Anni Matheson",MO,Midwest
10573,"Antonella Custy",FL,South
10108,"Appolonia Andretti",AZ,West
10172,"Archy Peert",NY,Northeast
10019,"Ari Ferentz",PA,Northeast
10911,"Arvy Sach",TX,South
10070,"Auberon Halladay",IA,Midwest
10356,"Aubrette Tomkiss",OH,Midwest
10531,"Austina Bagster",TX,South
10134,"Averell Thacker",UT,West
10745,"Averell Wardhaw",MA,Northeast
10581,"Avigdor Lowthian",CO,West
10079,"Bald Arling",MI,Midwest
10586,"Barbie Keese",NV,West
10040,"Barde Adanet",AL,South
10897,"Barret Windham",NY,Northeast
10328,"Barry Gyford",LA,South
10144,"Bartolemo Costigan",FL,South
10861,"Binni Grewe",VA,South
10537,"Bobbye Dean",KS,Midwest
10066,"Braden Hawley",NM,West
10526,"Brant Chaves",CA,West
10121,"Brewer Rheaume",CA,West
10929,"Brien Hun",NE,Midwest
10336,"Brittne Mc Ilwrick",IA,Midwest
10776,"Bronson Twiggins",NH,Northeast
10264,"Bruis Becarra",TX,South
10159,"Brunhilde Fussen",KS,Midwest
10648,"Burch Jeskins",NJ,Northeast
10856,"Burch Loxley",CO,West
10757,"Burgess Gorioli",IL,Midwest
10637,"Calhoun Mesnard",WI,Midwest
10569,"Calv Oliver-Paull",NV,West
10525,"Candice Bumpus",CO,West
10049,"Carilyn Korneichik",CA,West
10934,"Carolee Fettis",IN,Midwest
10477,"Carri Keaveney",OH,Midwest
10158,"Casie Carless",KS,Midwest
10561,"Cece Crosson",UT,West
10487,"Ceil Hrycek",OH,Midwest
10162,"Cello Hamor",NE,Midwest
10224,"Chane Deary",NC,South
10324,"Charmain Jenkins",PA,Northeast
10944,"Cherilyn Riccelli",MN,Midwest
10432,"Christian Coghlin",NY,Northeast
10488,"Claire Howsley",CT,Northeast
10469,"Claudia Steuhlmeyer",TX,South
10649,"Clemmie Lethieulier",KS,Midwest
10501,"Constantino Petruszka",TX,South
10205,"Coop Ferrarello",FL,South
10022,"Cornall Menichi",NY,Northeast
10981,"Crawford Destouche",CA,West
10940,"Cristobal Simm",IN,Midwest
10789,"Curt Candish",LA,South
10011,"Daisie Durber",FL,South
10080,"Dall Bonney",VA,South
10375,"Dannie Fluck",WV,South
10629,"Darbee Culpen",FL,South
10995,"Debby Linfield",CO,West
10869,"Demetrius Mularkey",FL,South
10326,"Deni Cruickshanks",GA,South
10700,"Dennet Cattellion",KY,South
10755,"Desi Halgarth",AL,South
10337,"Devon Latour",NC,South
10914,"Dicky Monro",PA,Northeast
10365,"Dominique Toffolini",NC,South
10847,"Donovan Vanes",TX,South
10723,"Dosi Getty",NY,Northeast
10309,"Drucie Woodings",OH,Midwest
10288,"Drugi Edginton",AK,West
10266,"Eduardo Crinion",TX,South
10439,"Elita Gives",AL,South
10517,"Erin Mutter",FL,South
10457,"Estrella Wildblood",MT,West
10598,"Eugen Lembrick",TX,South
10518,"Ezra Shirer",VA,South
10260,"Farr Castro",CA,West
10511,"Fedora Riggey",CT,Northeast
10186,"Fergus Hauxby",CO,West
10922,"Ferguson Wynett",TX,South
10903,"Flint Duthie",TX,South
10572,"Frannie Gauvin",TN,South
10600,"Freddy Ettery",IN,Midwest
10799,"Gay Siemianowicz",NH,Northeast
10774,"Gaylord Heyfield",WI,Midwest
10747,"Gerardo Mattimoe",CA,West
10390,"Gerhardine Salman",CA,West
10810,"Gerri Banfield",CA,West
10198,"Gerri Bilofsky",NJ,Northeast
10214,"Gibbie Reiner",MI,Midwest
10701,"Gibby Orviss",CA,West
10454,"Gilligan Rothwell",NY,Northeast
10614,"Glynis Stanlock",TX,South
10014,"Gnni Tonkin",CO,West
10346,"Granger Alu",CA,West
10556,"Guido Laxe",PA,Northeast
10154,"Gunar Teaser",DC,South
10140,"Gusty Ragles",LA,South
10785,"Hadria Coulsen",NC,South
10038,"Helen-elizabeth Starbeck",CO,West
10921,"Hillyer Toffolo",FL,South
10758,"Horatia Barwis",IL,Midwest
10261,"Howey Rarity",CA,West
10435,"Hyacintha Cessford",CA,West
10804,"Inesita Baily",CO,West
10359,"Inness Linney",IL,Midwest
10515,"Jackson Phillipson",IN,Midwest
10046,"Janeta Ricards",MN,Midwest
10092,"Jasmina Kingswood",DC,South
10217,"Jedidiah McCracken",TX,South
10075,"Jefferey Gives",NE,Midwest
10698,"Jessalin Odom",IL,Midwest
10670,"Joella Marin",OH,Midwest
10599,"Johnette Prester",LA,South
10399,"Joleen Vaulkhard",VA,South
10551,"Joyann Calleja",IN,Midwest
10788,"Joyous Heathorn",CA,West
10873,"Juliet Gault",CA,West
10546,"Kaitlynn Tocque",AZ,West
10653,"Kale Grant",PA,Northeast
10621,"Kalila McKyrrelly",FL,South
10528,"Karlis Limrick",LA,South
10931,"Karoly Bramham",NC,South
10016,"Karon Kett",TX,South
10247,"Kellina Kringe",SD,Midwest
10662,"Kelvin Way",IA,Midwest
10007,"Kenn Davidovic",CO,West
10712,"Kesley Andrat",ND,Midwest
10202,"Kip Steanyng",FL,South
10464,"Latia Maddick",NJ,Northeast
10299,"Laura Patise",NC,South
10779,"Laurella Lorman",MA,Northeast
10421,"Laverne Eborn",CA,West
10633,"Lemar Somerville",NM,West
10353,"Lemuel Connolly",FL,South
10279,"Lennard Jarmain",KY,South
10406,"Linoel Olenin",WA,West
10639,"Livvy Founds",TX,South
10037,"Loni Tzarkov",FL,South
10619,"Lorinda Janusz",MT,West
10088,"Lotte Blanket",CA,West
10041,"Lotti Herion",TX,South
10025,"Lotti Ilett",MN,Midwest
10794,"Lucia Townson",AZ,West
10047,"Lucky Kinsett",CA,West
10679,"Luella Denness",MO,Midwest
10538,"Lulita Sprosson",NC,South
10249,"Lurette Janoschek",VA,South
10213,"Maddy Mapp",TX,South
10733,"Mallissa Gerriets",LA,South
10184,"Mallorie Armitt",NC,South
10762,"Marcile Curnick",DC,South
10332,"Marian Wibrew",VA,South
10463,"Marquita Aird",AR,South
10806,"Martino Kurten",IA,Midwest
10765,"Mathias Fautly",TX,South
10020,"Matthieu Grindrod",SC,South
10244,"Maureen Gallone",DC,South
10778,"Mei Kingzett",NC,South
10864,"Merola Drynan",CA,West
10443,"Mickie Tuddenham",FL,South
10042,"Mignonne De la Eglise",NV,West
10268,"Murielle Rogez",CA,West
10407,"Myrle Ramsdell",TX,South
10276,"Myrwyn Eat",FL,South
10654,"Nanni Joule",NY,Northeast
10033,"Nara Downage",TN,South
10185,"Neilla Brickell",FL,South
10231,"Nessie Suff",NV,West
10100,"Nessy Galloway",DC,South
10153,"Nicolea Rohlf",CO,West
10609,"Nigel Stanistrete",TX,South
10602,"Nikos Van Zon",NY,Northeast
10682,"Norean Heustace",NY,Northeast
10800,"Norrie Trundell",GA,South
10612,"Norton Fluger",CT,Northeast
10840,"Odell Neighbour",NE,Midwest
10793,"Olia Burgwyn",NC,South
10101,"Olivette Stonier",CA,West
10813,"Ollie Sayse",NV,West
10236,"Oralee McCalister",WI,Midwest
10889,"Oralie Scintsbury",MA,Northeast
10862,"Orelie Maguire",TX,South
10859,"Orelle Bonson",OK,South
10221,"Papagena Liff",MD,South
10687,"Pat Yarr",CA,West
10564,"Patrica Denson",PA,Northeast
10143,"Patricia Hockell",VA,South
10512,"Penrod Kubczak",PA,Northeast
10663,"Peyter Limprecht",FL,South
10490,"Philly Ollier",WI,Midwest
10087,"Quincy Bausor",CA,West
10298,"Quinta Bastide",CA,West
10516,"Ranee Likly",LA,South
10405,"Raynard Crowdace",DC,South
10196,"Ric Reoch",NY,Northeast
10777,"Rickert Jahncke",CA,West
10364,"Robert Livezey",DE,South
10187,"Rodrigo Pelz",IA,Midwest
10975,"Rollie Ifill",NC,South
10926,"Rona Armell",IL,Midwest
10710,"Roosevelt Foxcroft",MO,Midwest
10585,"Roslyn Peto",MI,Midwest
10548,"Rourke McLauchlin",KS,Midwest
10719,"Rubin Kilgannon",GA,South
10348,"Ruthann Arkin",CA,West
10660,"Rutherford Pedycan",NY,Northeast
10990,"Sal Jahns",CA,West
10045,"Sawyer Weatherley",CA,West
10930,"Scotty O'Hannen",CA,West
10835,"Shay Jarvie",TX,South
10226,"Sherlocke Costello",IN,Midwest
10474,"Shirl Lambol",VA,South
10522,"Sophey Riccelli",TX,South
10623,"Stanislas Coveley",TX,South
10553,"Stephen Gallgher",NY,Northeast
10579,"Susi Gabits",TX,South
10413,"Suzette Devonald",MO,Midwest
10304,"Suzi Muat",MD,South
10027,"Suzy Zolini",VA,South
10408,"Sven Arp",FL,South
10972,"Talyah Ladson",CA,West
10802,"Teador Cawthra",MI,Midwest
10252,"Thorstein Chantree",TX,South
10339,"Thorvald Jaycock",IA,Midwest
10169,"Toddie Itzakson",VA,South
10555,"Tomi Vicary",TN,South
10938,"Tomlin Bunny",TN,South
10791,"Torrence Bretherick",NY,Northeast
10761,"Towny Chellenham",MO,Midwest
10576,"Tricia Severns",OH,Midwest
10447,"Tyrone Connochie",KS,Midwest
10969,"Vale Essex",TX,South
10736,"Valery Aseef",IA,Midwest
10163,"Viki Gooderridge",WI,Midwest
10497,"Vinny Whittington",IN,Midwest
10181,"Vivi Dobbie",NY,Northeast
10632,"Vivian Collomosse",CA,West
10678,"Wain Muffitt",FL,South
10207,"Wallache Keenor",CO,West
10467,"Wanids Toulson",WA,West
10384,"Westley Redgewell",MO,Midwest
10459,"Worden Gethouse",VA,South
10784,"Xenia Hagergham",CA,West
10989,"Yasmin Roblou",NY,Northeast
10933,"Zacherie Battie",CA,West
10957,"Zelig Goodey",PA,Northeast
10558,"Zonda Wittman",IN,Midwest
10760,"Zonnya Bertson",OH,Midwest
10157,"Abigael Emmer",WI,Midwest
10272,"Abner Lilford",CT,Northeast
10442,"Addia Randles",GA,South
10270,"Agustin Grinval",NY,Northeast
10689,"Ailey Guillond",TX,South
10208,"Alanson D'Elia",NC,South
10588,"Alecia Conville",VA,South
10887,"Alejandrina Corcut",TX,South
10191,"Alessandro Fullerlove",CO,West
10849,"Alikee Manoelli",IL,Midwest
10606,"Aloysius Hague",VA,South
10941,"Alwyn Rowntree",GA,South
10759,"Alysia Byre",FL,South
10415,"Amalee Emsden",MI,Midwest
10015,"Andra Verrill",HI,West
10939,"Andree Lyosik",OH,Midwest
10708,"Anneliese Winterbourne",AL,South
10506,"Antoinette Mensler",PA,Northeast
10946,"Antonius Goble",IL,Midwest
10718,"Archaimbaud Crebott",NC,South
10499,"Archibald Beavon",MO,Midwest
10860,"Auguste Skyram",OH,Midwest
10071,"Aurie Tuffey",CT,Northeast
10970,"Bail Lethem",TX,South
10563,"Bald Livock",CA,West
10391,"Barclay Renhard",FL,South
10460,"Baron Roblou",CA,West
10577,"Barry Nano",TX,South
10988,"Barton Burle",IL,Midwest
10170,"Bary Trunks",TX,South
10919,"Bax Blenkiron",MI,Midwest
10832,"Belle Scheffler",CA,West
10798,"Bertie Bowne",TX,South
10242,"Beverie Reeds",WV,South
10104,"Bird Benner",TX,South
10193,"Blinnie Spurier",CA,West
10148,"Brenden Grestie",GA,South
10426,"Brent Arrow",NY,Northeast
10481,"Brent Flisher",VA,South
10404,"Bryanty Garr",CT,Northeast
10240,"Bryce Bevens",CA,West
10312,"Burty Oguz",MA,Northeast
10401,"Byrom Dawson",IA,Midwest
10177,"Cad Cartmael",SC,South
10321,"Camala Loan",CA,West
10315,"Carmel Treneman",MD,South
10816,"Carolan Duxbarry",OH,Midwest
10842,"Cedric McIlhatton",FL,South
10281,"Chandler Coolson",KY,South
10285,"Chelsy Masey",SC,South
10966,"Cherey Cuddon",TX,South
10979,"Clementina Pennrington",MT,West
10615,"Colas Danjoie",VA,South
10004,"Coraline Danilyak",TX,South
10610,"Cordey Makey",NY,Northeast
10331,"Court Christie",CA,West
10314,"Crysta Stean",NE,Midwest
10996,"Curtis Girvin",IN,Midwest
10444,"Dallas Paulmann",TX,South
10891,"Dana Heard",FL,South
10005,"Dannye D'Elias",PA,Northeast
10584,"Darlleen Aitkenhead",IN,Midwest
10222,"Darnall Simion",CA,West
10323,"Dasie Nicholson",DC,South
10766,"Dave Gebbie",NV,West
10010,"Debor Leffek",FL,South
10352,"Dell Lawn",CA,West
10618,"Delly Iley",MD,South
10138,"Demetri Lindenblatt",GA,South
10554,"Dominik Snawdon",KY,South
10742,"Donetta Dumbrill",TX,South
10012,"Dore Terbeck",FL,South
10258,"Drake Clemont",GA,South
10179,"Drusi Giron",TX,South
10199,"Dudley Zuan",AL,South
10967,"Eadmund Owttrim",IN,Midwest
10846,"Eddy Amott",CA,West
10396,"Eleanore Panks",TX,South
10855,"Electra Dainton",OK,South
10265,"Emalee Fitchet",MN,Midwest
10825,"Emelita Blackmoor",SC,South
10925,"Emery Bastie",IN,Midwest
10351,"Emmy Yellop",WV,South
10645,"Eveline Keuntje",TX,South
10043,"Fanya Dracksford",WI,Midwest
10029,"Farly Elen",WI,Midwest
10496,"Farrell Adamides",OH,Midwest
10077,"Fedora Wyleman",TX,South
10381,"Fletch Forsyde",NY,Northeast
10881,"Fraser Stegel",TX,South
10317,"Gaby Riddick",FL,South
10482,"Gan Fulun",AK,West
10320,"Gayler Erridge",TN,South
10863,"Gerhard Toffanini",DC,South
10195,"Gerty McCourt",SC,South
10868,"Gideon O' Kelleher",TX,South
10952,"Ginelle Sutterfield",CA,West
10219,"Godfry Makinson",VA,South
10452,"Griff Gristock",UT,West
10166,"Gussi Rowth",NM,West
10973,"Gwenora Punter",NY,Northeast
10510,"Gwyneth Dowdall",NY,Northeast
10994,"Hailee Deighton",SC,South
10641,"Hallie Orrocks",CA,West
10056,"Hannis Dradey",AL,South
10131,"Hastings Leguay",NV,West
10468,"Heidi Olyfant",CT,Northeast
10535,"Hermon Bakster",CA,West
10002,"Herschel Farquharson",PA,Northeast
10953,"Hewitt Solano",FL,South
10731,"Hope Dollin",TN,South
10854,"Hugh Coxon",AZ,West
10307,"Hy Wilks",ID,West
10963,"Ilse Cawcutt",CA,West
10006,"Isidor Grestye",WA,West
10150,"Itch O'Shevlan",CA,West
10675,"Ives Crowcroft",CA,West
10067,"Jan Grenshields",SD,Midwest
10489,"Janaya Axtens",CA,West
10985,"Jay McTeague",FL,South
10345,"Jeffie Basten",PA,Northeast
10540,"Joanna Tomkin",TX,South
10225,"Joeann Tal",TX,South
10218,"Johnathan Barribal",CA,West
10168,"Josias Teideman",AZ,West
10796,"Karee Wilman",CA,West
10440,"Kareem Jakubiak",TX,South
10634,"Karyn Greggor",AZ,West
10427,"Kathye Halle",UT,West
10255,"Katuscha Tague",IL,Midwest
10241,"Kiley Panting",TX,South
10498,"Kira Braunton",MD,South
10462,"Klarika Digle",FL,South
10078,"Koressa Coumbe",FL,South
10347,"Korie Barker",AK,West
10532,"Kriste Joney",AZ,West
10273,"Kriste Lownds",GA,South
10050,"Kristofer Leverage",PA,Northeast
10638,"Kyla Keysel",AZ,West
10130,"Land Kadd",OK,South
10329,"Lani Jefford",CA,West
10151,"Lanna McIndrew",DC,South
10491,"Laural Gretton",GA,South
10812,"Laurella Weeden",CA,West
10819,"Lauritz Fotheringham",KS,Midwest
10883,"Leland Crabbe",MN,Midwest
10373,"Leonhard Burchfield",OH,Midwest
10871,"Lexis Wakeford",AZ,West
10589,"Lilah Cuel",AZ,West
10763,"Lion Marishenko",MI,Midwest
10253,"Lissa Flintuff",MI,Midwest
10262,"Lowe Gatenby",FL,South
10397,"Lynnell Sargood",FL,South
10644,"Lyssa Whitear",DC,South
10547,"Maggee Bendin",HI,West
10282,"Maje Vasilmanov",CA,West
10892,"Malia Tofts",NJ,Northeast
10578,"Marc Scawn",AK,West
10094,"Marcelline Lathee",TX,South
10808,"Marcile Boylund",IA,Midwest
10125,"Markos Saggs",MD,South
10453,"Martino Cirlos",IL,Midwest
10341,"Mattheus Littler",AR,South
10601,"Matthiew Dorricott",AZ,West
10152,"Maude Denzilow",VA,South
10306,"Maureen Glossup",SC,South
10235,"Maurise Sconce",NV,West
10904,"Maxy Rosenbarg",MO,Midwest
10113,"Melessa Preddy",TX,South
10048,"Merrilee McCane",FL,South
10991,"Michaelina O'Cannon",TX,South
10520,"Minor Kellen",TX,South
10082,"Minor Weedall",DC,South
10821,"Miran Wallentin",MN,Midwest
10418,"Mirella Eslemont",IA,Midwest
10256,"Monah Scramage",AL,South
10927,"Morgan Whapples",CA,West
10392,"My Grimm",TX,South
10508,"Myrtia Wilfinger",MA,Northeast
10485,"Nani Blinckhorne",VA,South
10706,"Nappie Mattaser",GA,South
10790,"Ned Moulder",CA,West
10571,"Neron Cowling",TX,South
10322,"Nevins Roll",DC,South
10954,"Nicolas Marshall",MA,Northeast
10901,"Noby Arnow",WA,West
10335,"Normand Van der Kruijs",VA,South
10529,"Olag Rozenzweig",PA,Northeast
10534,"Oran Retallick",TX,South
10263,"Pamella Brugman",TX,South
10567,"Patric Rapkins",FL,South
10245,"Patrizius Braunton",DC,South
10330,"Pepillo Lindbergh",KY,South
10290,"Phebe Beceril",TX,South
10805,"Phylis MacMaykin",SC,South
10795,"Quentin De Bischof",IL,Midwest
10741,"Raffaello Higgan",TX,South
10734,"Reena Mackro",TX,South
10451,"Regan Strutz",GA,South
10417,"Reggis MacGlory",VA,South
10475,"Rik Pithcock",KY,South
10877,"Roldan Gallo",DE,South
10659,"Salvatore Buney",MN,Midwest
10068,"Samaria Popplewell",TN,South
10291,"Sanson Zotto",CT,Northeast
10013,"Saundra Thomson",DE,South
10197,"Selestina Wenban",TN,South
10052,"Seumas Olliver",FL,South
10053,"Shalne Biddell",NY,Northeast
10036,"Shantee Bernth",KS,Midwest
10419,"Sheba Balk",NY,Northeast
10378,"Sid Hiom",DC,South
10688,"Smitty Hawkswell",CO,West
10423,"Spencer Castiello",NY,Northeast
10142,"Stefanie Quimby",MN,Midwest
10325,"Stella Bisco",TX,South
10878,"Sue Stuck",MN,Midwest
10828,"Tabb Prozescky",OK,South
10034,"Talbot Hallede",VA,South
10570,"Tamarra Hearson",NY,Northeast
10136,"Teodora Hadaway",AZ,West
10993,"Terencio Mohammed",CA,West
10811,"Terri Herety",VA,South
10690,"Thalia McNaught",CA,West
10380,"Thatch Klaves",FL,South
10716,"Theodor Nottingam",CA,West
10412,"Thomasina Beardshaw",TX,South
10471,"Torrey Lamball",PA,Northeast
10965,"Travus McAsgill",TN,South
10367,"Tybalt Draper",WV,South
10822,"Ulric Phorsby",FL,South
10900,"Ulrica Garr",MN,Midwest
10703,"Umberto Draisey",NY,Northeast
10382,"Upton Trowle",NY,Northeast
10141,"Ursulina Sallinger",DE,South
10446,"Vanya Follin",KY,South
10894,"Vera Andric",CA,West
10009,"Vernor McGillecole",VA,South
10590,"Vicky Tuminini",NC,South
10062,"Wash Latore",NC,South
10076,"Westley Jollye",OK,South
10714,"Willey Potkins",TX,South
10841,"Yank Madge",FL,South
10044,"Yolanda Kahler",HI,West
10769,"Yuri Couchman",FL,South
10695,"Zollie Pettyfer",WY,West
10305,"Zolly Heilds",TX,South
10527,"Agustin Deards",FL,South
10310,"Aimil Soldner",FL,South
10951,"Alberto Click",TX,South
10955,"Alyson Leftly",TX,South
10748,"Amelina Tasch",TX,South
10605,"Anastasie Eaton",ND,Midwest
10997,"Anatollo Arch",DC,South
10865,"Andra Lyosik",SC,South
10823,"Antoinette Heffy",KS,Midwest
10882,"Aretha Bray",GA,South
10592,"Aretha Morgans",IA,Midwest
10753,"Ariana Liles",TX,South
10165,"Arlen Armitt",AL,South
10188,"Arman Cockerell",CA,West
10773,"Arnoldo Mottley",CO,West
10073,"Auberon Cattonnet",CA,West
10895,"Aubrey Surplice",WA,West
10902,"Aundrea Moodie",CA,West
10379,"Avery Campkin",NJ,Northeast
10394,"Bartlet Brunn",CT,Northeast
10484,"Barton Foakes",TX,South
10233,"Bathsheba Willimott",CA,West
10230,"Becka Cheek",PA,Northeast
10908,"Bennie Shah",FL,South
10635,"Berkeley Brendish",WA,West
10018,"Blaire Lamacraft",NY,Northeast
10096,"Brad Sollime",FL,South
10155,"Brand Clapham",NC,South
10888,"Brit Calvie",CA,West
10643,"Brittne Galsworthy",FL,South
10893,"Brodie Wickie",WI,Midwest
10039,"Bronny Maryman",CA,West
10127,"Brucie Ickovits",TX,South
10021,"Buddy Cregeen",OH,Midwest
10450,"Cal Grunnell",NE,Midwest
10544,"Calvin Sweedland",FL,South
10283,"Carlin McRae",AZ,West
10480,"Caryl Ivanchin",CA,West
10275,"Cathlene Becker",TX,South
10565,"Cece Davidai",TX,South
10680,"Cello Dudney",DE,South
10436,"Cheri Abbotts",OK,South
10300,"Chrissy Hyde",MN,Midwest
10729,"Christie Kirsop",NY,Northeast
10724,"Clarette Pithcock",AZ,West
10180,"Clarette Russ",FL,South
10203,"Clarisse Govan",WI,Midwest
10430,"Cobbie Mantha",MN,Midwest
10550,"Con Petschel",TX,South
10081,"Concordia Shird",CA,West
10775,"Constantina Hubber",CA,West
10694,"Corinna Slide",SC,South
10711,"Craggy Di Giacomettino",MS,South
10237,"Cthrine Brabban",MI,Midwest
10303,"Dale Curry",DE,South
10204,"Dallis Leed",OH,Midwest
10084,"Danyelle Sowley",TX,South
10369,"Darcy Coursor",IL,Midwest
10583,"Darwin Dahmke",UT,West
10147,"Dayna Ledger",FL,South
10099,"Deane Cornew",GA,South
10874,"Deeyn Koomar",OH,Midwest
10293,"Denys Dykas",WA,West
10651,"Domenic Atwool",VA,South
10737,"Doreen Bonicelli",OK,South
10091,"Dreddy Longland",TX,South
10301,"Drew Dumberell",DC,South
10890,"Dru Fintoph",AZ,West
10174,"Drusy Mockler",NC,South
10296,"Dulsea Godden",CO,West
10340,"Dunc Gossage",DE,South
10807,"Elinore Hagley",FL,South
10693,"Eloisa Whanstall",IA,Midwest
10500,"Elvina Garroway",VA,South
10591,"Emelina Landor",LA,South
10665,"Emeline Redwing",FL,South
10739,"Erl Haimes",FL,South
10797,"Esma Bassham",NY,Northeast
10370,"Estevan Morad",NY,Northeast
10684,"Ethelyn Pooke",OH,Midwest
10102,"Evelyn Tebbitt",UT,West
10416,"Evelyn Turbefield",CA,West
10622,"Farlie Petricek",GA,South
10085,"Fayette May",AL,South
10801,"Fenelia Exton",PA,Northeast
10674,"Fidelia Ivy",HI,West
10438,"Flore Doneld",IA,Midwest
10704,"Forest Taudevin",FL,South
10603,"Frannie Braksper",CA,West
10495,"Freddy Errichiello",NM,West
10559,"Gabbi Durbridge",FL,South
10843,"Garner Wordsworth",NM,West
10032,"Garner Yukhnini",NY,Northeast
10135,"Garrek Champerlen",NE,Midwest
10278,"Gasparo Scotting",NC,South
10617,"Gav Blamires",WV,South
10017,"Gerri Bartholomew",TX,South
10686,"Giselbert Rupke",UT,West
10803,"Godart Jennery",NJ,Northeast
10830,"Goran Matyukon",VA,South
10149,"Gothart Bagott",PA,Northeast
10206,"Grata Larciere",TX,South
10286,"Guendolen Petrou",TX,South
10740,"Gwendolin Normanville",AR,South
10594,"Hakim Nelhams",VA,South
10833,"Halie Le Houx",OR,West
10521,"Harlan O'Lehane",CA,West
10146,"Harrie Gemmill",RI,Unknown
10705,"Harrie Knock",MO,Midwest
10720,"Hastie Derbyshire",NY,Northeast
10628,"Hedwiga Stephens",TX,South
10269,"Henrietta Feltham",LA,South
10215,"Herbie De Angelis",NY,Northeast
10657,"Herminia Preble",TX,South
10980,"Hersh Castilla",MA,Northeast
10616,"Hestia Rozet",PA,Northeast
10250,"Hillie Holttom",MD,South
10376,"Ignace Dillingstone",KY,South
10333,"Ikey Abbati",CO,West
10470,"Inesita O'Cassidy",MS,South
10942,"Ira Kenningham",OK,South
10319,"Issy Rawson",MI,Midwest
10826,"Ivett Godman",TX,South
10338,"Jackson Pahler",PA,Northeast
10968,"Jada Oakeshott",FL,South
10455,"Jania Trillo",AZ,West
10727,"Jarred Sexten",MO,Midwest
10115,"Jason Grocutt",MA,Northeast
10815,"Jason Murford",AK,West
10836,"Jemima Hayesman",DC,South
10608,"Jeremie Onraet",TX,South
10948,"Jillian Charle",DC,South
10920,"Jillian Kincade",KY,South
10284,"Joseito Turbern",OH,Midwest
10175,"Judith Clayborn",MN,Midwest
10726,"Kalindi McMaster",IN,Midwest
10582,"Kattie Nethercott",IN,Midwest
10562,"Keely Charteris",MO,Midwest
10735,"Kelcie Bernaciak",MO,Midwest
10683,"Kelsey Pavolillo",SC,South
10850,"Kinna Dimitriades",FL,South
10829,"Kipper Seatter",FL,South
10627,"Kitti Jinkin",IN,Midwest
10541,"Kordula Marchelli",TX,South
10114,"Kristoforo Rainville",CA,West
10086,"Laney Brehat",OH,Midwest
10792,"Lauraine Sanpher",CA,West
10292,"Lebbie Connew",DC,South
10156,"Lemuel Sambedge",TX,South
10837,"Leonore Mapp",NY,Northeast
10355,"Lev Linny",NY,Northeast
10366,"Lewiss Van Dijk",DC,South
10956,"Lilias Spalding",IL,Midwest
10434,"Loraine Matzel",IL,Midwest
10257,"Mac Temblett",TX,South
10593,"Marti Crosscombe",OR,West
10999,"Martie Soles",DE,South
10867,"Maryrose Benardeau",IA,Midwest
10277,"Maureene Ebbrell",FL,South
10597,"Maxi Cordeix",OK,South
10656,"Mead Rodolf",HI,West
10673,"Melina Batchley",SC,South
10936,"Melly Hartgill",TX,South
10074,"Merrielle Strank",FL,South
10209,"Michaeline Grabeham",FL,South
10971,"Micheil De Clairmont",VA,South
10642,"Mill Paddie",OK,South
10896,"Minni Mostyn",NC,South
10411,"Mordecai Crumb",CA,West
10107,"Moritz McLelland",NY,Northeast
10090,"Mort Smillie",IN,Midwest
10787,"Myrilla Pau",LA,South
10905,"Nanni Rodger",CA,West
10503,"Naomi Tapper",CA,West
10533,"Nels Swetenham",CA,West
10211,"Nevil Bate",NY,Northeast
10060,"Neysa Cottisford",KS,Midwest
10932,"Nickie Dominicacci",AR,South
10964,"Nikkie Kennaway",MO,Midwest
10746,"Nil Ainslie",OH,Midwest
10754,"Odo Jecock",GA,South
10493,"Oralee Logsdail",UT,West
10857,"Orazio Upcott",AR,South
10504,"Othilie Tieman",TX,South
10949,"Page MacSkeaghan",TX,South
10358,"Patric Jeskins",NY,Northeast
10371,"Prudi Andrini",DC,South
10950,"Puff Atte-Stone",CA,West
10636,"Raddy Cray",CA,West
10625,"Randall Bennetto",KY,South
10752,"Rea Nassy",TN,South
10960,"Renate Wapol",MN,Midwest
10232,"Retha Jossel",DC,South
10880,"Rey Tilney",AZ,West
10441,"Ricard Jewkes",IL,Midwest
10098,"Rich MacCaughey",CA,West
10962,"Robena Topliss",NY,Northeast
10764,"Rodie Mallison",NY,Northeast
10437,"Roley Clarridge",MO,Midwest
10958,"Ronna Stanmore",CO,West
10429,"Rosalinda Fawltey",OH,Midwest
10987,"Roseanna Melonby",IL,Midwest
10212,"Rosita Zannolli",DC,South
10845,"Royce Coad",TX,South
10313,"Rube Stranieri",VA,South
10664,"Ruperto Donnachie",TX,South
10502,"Ruth Dullingham",LA,South
10122,"Rutledge Elham",MO,Midwest
10445,"Rutledge Giottini",MO,Midwest
10509,"Sadella Lefever",OK,South
10383,"Sam Liffey",OK,South
10916,"Sayre Rotter",GA,South
10809,"Selby Kestle",MD,South
10744,"Sephira Mews",AZ,West
10349,"Sigismundo Hedge",CA,West
10385,"Simona Kingerby",AZ,West
10344,"Sinclair Lacase",TX,South
10974,"Solomon Veall",AL,South
10786,"Son Starmont",IL,Midwest
10389,"Sonnnie Hyatt",MO,Midwest
10057,"Spencer Daveren",OH,Midwest
10912,"Sutton Leisman",TX,South
10030,"Tabby Kryszka",DC,South
10715,"Tammara Greatrakes",OH,Midwest
10899,"Tana Collister",OK,South
10458,"Ted Grogan",AK,West
10089,"Tessi Rushbrooke",GA,South
10918,"Thayne Armsby",MO,Midwest
10210,"Thurstan Dumini",VA,South
10738,"Tisha McKinstry",CA,West
10543,"Tobiah Malcolm",LA,South
10749,"Trixy Donnett",OR,West
10640,"Turner Simoneschi",TX,South
10568,"Ulla MacRorie",WI,Midwest
10083,"Valdemar Peggrem",TX,South
10906,"Valentina Pestricke",NJ,Northeast
10743,"Valentine Laven",FL,South
10604,"Vincent Capron",TX,South
10461,"Virgil Chatt",CT,Northeast
10725,"Vittoria Orred",FL,South
10064,"Vivia Scoggan",FL,South
10717,"Whitney Pykerman",CO,West
10254,"Yurik Sydes",SC,South
