customer_id,customer_name,state,region,geo__state__location
10781,Andromache Roobottom,AK,West,
10838,Dorice De Biasi,AK,West,
10692,Abbe Mation,New York,Northeast,43.299428;-74.217933
10907,Addie Northey,Ohio,Midwest,40.417287;-82.907123
10947,Agnes Haslin,New York,Northeast,43.299428;-74.217933
10028,Alejandro Ackeroyd,Pennsylvania,Northeast,41.203322;-77.194525
10691,Aleksandr Menezes,California,West,36.778261;-119.417932
10924,Allegra Beadnall,Kansas,Midwest,39.011902;-98.484246
10183,Alvy Bohea,Arizona,West,34.048928;-111.093731
10051,Alyson De Domenico,District of Columbia,South,38.905985;-77.033418
10884,Amara Atmore,New York,Northeast,43.299428;-74.217933
10129,Amber Bradmore,California,West,36.778261;-119.417932
10549,Ann Dooly,Idaho,West,44.068202;-114.742041
10363,Anstice Feeham,Ohio,Midwest,40.417287;-82.907123
10866,Anthony Herion,Michigan,Midwest,44.314844;-85.602364
10145,Anthony Prandoni,Kansas,Midwest,39.011902;-98.484246
10513,Archibald Doogue,Missouri,Midwest,37.964253;-91.831833
10713,Arturo Minto,Michigan,Midwest,44.314844;-85.602364
10676,Aryn Danielsohn,Missouri,Midwest,37.964253;-91.831833
10772,Augustus Plet,Ohio,Midwest,40.417287;-82.907123
10058,Aurelia Philps,Arizona,West,34.048928;-111.093731
10063,Aurora Deport,Texas,South,31.968599;-99.901813
10982,Aurore Groger,Michigan,Midwest,44.314844;-85.602364
10505,Baudoin Witz,New York,Northeast,43.299428;-74.217933
10109,Bekki Smiley,Nebraska,Midwest,41.492537;-99.901813
10387,Bent Cowdrey,Illinois,Midwest,40.633125;-89.398528
10818,Bernadina Hesser,Texas,South,31.968599;-99.901813
10658,Bernadina Siaskowski,Indiana,Midwest,40.551217;-85.602364
10750,Berthe Casement,Iowa,Midwest,41.878003;-93.097702
10395,Brande Mowson,Oklahoma,South,35.007752;-97.092877
10251,Brandie Pedroni,Florida,South,27.664827;-81.515754
10898,Brendon Nono,California,West,36.778261;-119.417932
10669,Brett Chipp,Illinois,Midwest,40.633125;-89.398528
10424,Briny Maplestone,West Virginia,South,38.597626;-80.454903
10539,Brittany Ritson,District of Columbia,South,38.905985;-77.033418
10334,Brooks Barkaway,Florida,South,27.664827;-81.515754
10239,Byron Dibson,Idaho,West,44.068202;-114.742041
10117,Cacilia Fernandez,Tennessee,South,35.517491;-86.580447
10465,Caleb Walder,Louisiana,South,31.244823;-92.145024
10229,Cami Priel,Georgia,South,32.157435;-82.907123
10751,Candide Hockell,New Jersey,Northeast,40.058324;-74.405661
10913,Carol-jean Sappson,Missouri,Midwest,37.964253;-91.831833
10132,Carolann Naisbit,Florida,South,27.664827;-81.515754
10959,Cedric Ilyin,California,West,36.778261;-119.417932
10707,Celle Di Nisco,Nebraska,Midwest,41.492537;-99.901813
10961,Charline Gosling,District of Columbia,South,38.905985;-77.033418
10008,Charmion Lettuce,Wisconsin,Midwest,43.78444;-88.787868
10992,Chen Bensusan,Colorado,West,39.550051;-105.782067
10976,Cherianne Gorusso,Texas,South,31.968599;-99.901813
10530,Cherish Shenton,Arizona,West,34.048928;-111.093731
10294,Cheslie Josilowski,District of Columbia,South,38.905985;-77.033418
10852,Chiquita Nellis,Virginia,South,37.431573;-78.656894
10611,Cirilo Coole,California,West,36.778261;-119.417932
10814,Colby Mortlock,Nevada,West,38.80261;-116.419389
10483,Collie Goves,Florida,South,27.664827;-81.515754
10839,Con Feare,California,West,36.778261;-119.417932
10607,Corrina Stackbridge,District of Columbia,South,38.905985;-77.033418
10035,Dana Batt,Idaho,West,44.068202;-114.742041
10003,Daphna Franses,California,West,36.778261;-119.417932
10831,Dav Estoile,Georgia,South,32.157435;-82.907123
10702,Dell Roundtree,Florida,South,27.664827;-81.515754
10915,Delphine Corner,North Carolina,South,35.759573;-79.0193
10386,Dolorita Corringham,Washington,West,47.751074;-120.740139
10596,Dominga Clemerson,Ohio,Midwest,40.417287;-82.907123
10220,Dorris Etienne,California,West,36.778261;-119.417932
10595,Douglas Celler,Florida,South,27.664827;-81.515754
10730,Dulciana Egell,Washington,West,47.751074;-120.740139
10428,Ediva Cossans,Arkansas,South,35.20105;-91.831833
10120,Elaina Domek,Kentucky,South,37.839333;-84.270018
10318,Elenore Willbond,Michigan,Midwest,44.314844;-85.602364
10362,Elisabeth Hulburt,Illinois,Midwest,40.633125;-89.398528
10560,Elston Nore,California,West,36.778261;-119.417932
10834,Emily Fantini,California,West,36.778261;-119.417932
10065,Erma Spiby,Arizona,West,34.048928;-111.093731
10858,Esme Rogerot,Tennessee,South,35.517491;-86.580447
10851,Eustace Scholling,Texas,South,31.968599;-99.901813
10486,Fancy Beard,California,West,36.778261;-119.417932
10372,Farris De Hooge,Arizona,West,34.048928;-111.093731
10524,Ferdy Orhtmann,California,West,36.778261;-119.417932
10699,Fields Cullity,Illinois,Midwest,40.633125;-89.398528
10870,Findlay Soulsby,Alabama,South,32.318231;-86.902298
10327,Finn Lesley,Iowa,Midwest,41.878003;-93.097702
10872,Forster Huckin,Florida,South,27.664827;-81.515754
10103,Fran Cotton,Arizona,West,34.048928;-111.093731
10398,Francesca Duckitt,Arizona,West,34.048928;-111.093731
10466,Garland Langer,New Jersey,Northeast,40.058324;-74.405661
10267,Gayel McDell,Kansas,Midwest,39.011902;-98.484246
10055,Georgiana Winterscale,Ohio,Midwest,40.417287;-82.907123
10478,Gian Menguy,Maryland,South,39.045755;-76.641271
10126,Graig Zorn,Illinois,Midwest,40.633125;-89.398528
10587,Gretel Philippart,Kansas,Midwest,39.011902;-98.484246
10031,Guillemette Challiner,Texas,South,31.968599;-99.901813
10137,Hamilton Rotlauf,New York,Northeast,43.299428;-74.217933
10923,Harriet Andrewartha,California,West,36.778261;-119.417932
10917,Haze Pyatt,Texas,South,31.968599;-99.901813
10410,Hazel MacAfee,Missouri,Midwest,37.964253;-91.831833
10026,Hedda MacCrosson,Maryland,South,39.045755;-76.641271
10161,Hendrick Bulbeck,California,West,36.778261;-119.417932
10023,Horacio Lerhinan,California,West,36.778261;-119.417932
10192,Hube Dany,California,West,36.778261;-119.417932
10097,Hyacinth Boatswain,Nebraska,Midwest,41.492537;-99.901813
10274,Ingar Phipps,Florida,South,27.664827;-81.515754
10472,Ingelbert Villa,California,West,36.778261;-119.417932
10200,Isadore Lubbock,Tennessee,South,35.517491;-86.580447
10479,Jackie Pollen,Florida,South,27.664827;-81.515754
10647,Jaime Oldford,Maryland,South,39.045755;-76.641271
10978,Jamil Ledger,Washington,West,47.751074;-120.740139
10536,Jamil Stut,Pennsylvania,Northeast,41.203322;-77.194525
10624,Jamison Owbrick,Florida,South,27.664827;-81.515754
10783,Janaya Durant,Nevada,West,38.80261;-116.419389
10782,Janie Leet,California,West,36.778261;-119.417932
10767,Jareb Trengove,Florida,South,27.664827;-81.515754
11000,Jeniece Petrusch,Louisiana,South,31.244823;-92.145024
10928,Jeramey Gerram,Wisconsin,Midwest,43.78444;-88.787868
10631,Jesse Briddle,Oregon,West,43.804133;-120.554201
10178,Joella Fishpoole,District of Columbia,South,38.905985;-77.033418
10681,Jolynn Barstock,Ohio,Midwest,40.417287;-82.907123
10342,Juliane McGinly,Washington,West,47.751074;-120.740139
10182,Justinn Cowlam,California,West,36.778261;-119.417932
10160,Kahlil Shotbolt,South Carolina,South,33.836081;-81.163725
10295,Kailey Shackleton,Texas,South,31.968599;-99.901813
10393,Kane Gow,Tennessee,South,35.517491;-86.580447
10422,Kariotta McCourt,Louisiana,South,31.244823;-92.145024
10552,Karlotta Braime,Massachusetts,Northeast,42.407211;-71.382437
10661,Katherina Brearley,New Jersey,Northeast,40.058324;-74.405661
10935,Kathie Bunford,Minnesota,Midwest,46.729553;-94.6859
10354,Kennett Allman,Florida,South,27.664827;-81.515754
10374,Kevan Clayton,Oklahoma,South,35.007752;-97.092877
10574,Kimble Derr,Colorado,West,39.550051;-105.782067
10343,Kippie Wholesworth,Texas,South,31.968599;-99.901813
10986,Kizzie Beeson,Texas,South,31.968599;-99.901813
10667,Kurt Keeting,Louisiana,South,31.244823;-92.145024
10780,Kurtis Spikeings,Louisiana,South,31.244823;-92.145024
10449,L;urette Barnhart,New Mexico,West,34.97273;-105.032363
10696,Lanae Anstice,Texas,South,31.968599;-99.901813
10613,Larisa Wasselin,Hawaii,West,19.898682;-155.665857
10557,Leisha Hawkslee,Missouri,Midwest,37.964253;-91.831833
10983,Lenna Rheubottom,New York,Northeast,43.299428;-74.217933
10194,Leonerd Hubach,Arizona,West,34.048928;-111.093731
10001,Lindie Rennebeck,California,West,36.778261;-119.417932
10360,Lloyd Merman,Florida,South,27.664827;-81.515754
10768,Lon Oake,New York,Northeast,43.299428;-74.217933
10770,Lucille Payn,California,West,36.778261;-119.417932
10721,Mabelle Thurbon,North Carolina,South,35.759573;-79.0193
10671,Maegan Ossulton,Florida,South,27.664827;-81.515754
10164,Mahala Morican,New York,Northeast,43.299428;-74.217933
10248,Marcella Di Matteo,Washington,West,47.751074;-120.740139
10350,Marcia Brakespear,Illinois,Midwest,40.633125;-89.398528
10095,Marjy Whight,Maryland,South,39.045755;-76.641271
10771,Marleah Overton,California,West,36.778261;-119.417932
10246,Martica Webber,Texas,South,31.968599;-99.901813
10824,Marybeth Marwood,Missouri,Midwest,37.964253;-91.831833
10402,Maryjo Swain,Missouri,Midwest,37.964253;-91.831833
10575,Maryl Hartigan,Massachusetts,Northeast,42.407211;-71.382437
10072,Maurita Rablin,West Virginia,South,38.597626;-80.454903
10124,Maynord Cloughton,Idaho,West,44.068202;-114.742041
10909,Mel Kernell,Kentucky,South,37.839333;-84.270018
10133,Melicent McLice,Washington,West,47.751074;-120.740139
10054,Melinde Sancho,Texas,South,31.968599;-99.901813
10431,Mellisa Willeson,Virginia,South,37.431573;-78.656894
10388,Melonie Hadfield,California,West,36.778261;-119.417932
10756,Melosa Oxlade,Texas,South,31.968599;-99.901813
10630,Meredith Tome,New York,Northeast,43.299428;-74.217933
10827,Micah Rusted,Florida,South,27.664827;-81.515754
10234,Michelina Fedoronko,Georgia,South,32.157435;-82.907123
10425,Micky Clayden,Nevada,West,38.80261;-116.419389
10448,Millisent McIllroy,Colorado,West,39.550051;-105.782067
10853,Milt Ball,California,West,36.778261;-119.417932
10542,Milty Itscowics,New York,Northeast,43.299428;-74.217933
10228,Minne Bryning,New York,Northeast,43.299428;-74.217933
10433,Mirelle Noteyoung,District of Columbia,South,38.905985;-77.033418
10732,Mortimer Boxhall,Colorado,West,39.550051;-105.782067
10287,My Grabham,District of Columbia,South,38.905985;-77.033418
10106,Natale Thurner,Texas,South,31.968599;-99.901813
10061,Nathalie Anderton,Wisconsin,Midwest,43.78444;-88.787868
10297,Neale Tommasi,Hawaii,West,19.898682;-155.665857
10507,Nettie Tredwell,Illinois,Midwest,40.633125;-89.398528
10492,Nicol Edgin,Indiana,Midwest,40.551217;-85.602364
10302,Noelani Fairlam,Kansas,Midwest,39.011902;-98.484246
10998,Nowell Darragh,Florida,South,27.664827;-81.515754
10259,Ogdan McLugish,Florida,South,27.664827;-81.515754
10620,Opaline Eefting,West Virginia,South,38.597626;-80.454903
10685,Patience Iannello,California,West,36.778261;-119.417932
10523,Patton Ducroe,Texas,South,31.968599;-99.901813
10403,Payton Allchin,Alabama,South,32.318231;-86.902298
10227,Peirce Lyes,Tennessee,South,35.517491;-86.580447
10910,Queenie Blemings,Wisconsin,Midwest,43.78444;-88.787868
10514,Rabi Tybalt,Tennessee,South,35.517491;-86.580447
10646,Raffaello Figg,Texas,South,31.968599;-99.901813
10677,Randolph Baiss,Massachusetts,Northeast,42.407211;-71.382437
10945,Raymund Tremonte,Minnesota,Midwest,46.729553;-94.6859
10409,Raynard Kalvin,California,West,36.778261;-119.417932
10280,Reinwald Kime,Washington,West,47.751074;-120.740139
10817,Reinwald Straughan,California,West,36.778261;-119.417932
10223,Rem Iggalden,Florida,South,27.664827;-81.515754
10875,Revkah Pinkerton,Tennessee,South,35.517491;-86.580447
10626,Rhiamon Yerborn,Florida,South,27.664827;-81.515754
10414,Riannon Orris,Missouri,Midwest,37.964253;-91.831833
10886,Ricky Normavill,Texas,South,31.968599;-99.901813
10519,Robb Lightman,California,West,36.778261;-119.417932
10545,Robert Patel,California,West,36.778261;-119.417932
10289,Rodge Toderi,Ohio,Midwest,40.417287;-82.907123
10566,Ron Ashbee,New York,Northeast,43.299428;-74.217933
10377,Rosalynd Corneljes,Arizona,West,34.048928;-111.093731
10190,Rosina Tregust,Florida,South,27.664827;-81.515754
10176,Roxi Tebbut,Oregon,West,43.804133;-120.554201
10400,Sally Clymer,California,West,36.778261;-119.417932
10728,Shandeigh Lygo,Connecticut,Northeast,41.603221;-73.087749
10105,Sherye Marflitt,Florida,South,27.664827;-81.515754
10357,Sigrid McAless,Tennessee,South,35.517491;-86.580447
10139,Sonia Quadling,Montana,West,46.879682;-110.362566
10243,Spencer Scamadine,Georgia,South,32.157435;-82.907123
10128,Spencer Sellor,Tennessee,South,35.517491;-86.580447
10820,Stephani Kinny,Massachusetts,Northeast,42.407211;-71.382437
10118,Susanne Mattheissen,Arizona,West,34.048928;-111.093731
10984,Susy Lambertson,Minnesota,Midwest,46.729553;-94.6859
10111,Sutherlan Arnaldo,Arizona,West,34.048928;-111.093731
10672,Sydney Huxtable,Tennessee,South,35.517491;-86.580447
10024,Tabina Reston,Arizona,West,34.048928;-111.093731
10580,Tallou Yantsev,North Carolina,South,35.759573;-79.0193
10668,Tamqrah Riceards,New York,Northeast,43.299428;-74.217933
10650,Tani Di Ruggiero,Louisiana,South,31.244823;-92.145024
10123,Tanney Scutchin,New Mexico,West,34.97273;-105.032363
10189,Ted Legier,Utah,West,39.32098;-111.093731
10494,Teodora MacSharry,California,West,36.778261;-119.417932
10093,Tessa Vidgeon,New York,Northeast,43.299428;-74.217933
10112,Tessy Ducker,Kentucky,South,37.839333;-84.270018
10059,Thayne Quarrington,California,West,36.778261;-119.417932
10943,Tisha Maggi,Nevada,West,38.80261;-116.419389
10216,Tobye Vashchenko,Florida,South,27.664827;-81.515754
10652,Torre Hedgeley,Florida,South,27.664827;-81.515754
10977,Towney Muckle,Colorado,West,39.550051;-105.782067
10238,Travus Rudgerd,Washington,West,47.751074;-120.740139
10069,Tricia Goadbie,Wisconsin,Midwest,43.78444;-88.787868
10308,Troy Beardwell,Maryland,South,39.045755;-76.641271
10937,Tynan Wortley,Georgia,South,32.157435;-82.907123
10876,Urbanus Makeswell,Illinois,Midwest,40.633125;-89.398528
10473,Valencia Sawyer,California,West,36.778261;-119.417932
10476,Victoria Frazer,Texas,South,31.968599;-99.901813
10722,Vina Rapaport,Louisiana,South,31.244823;-92.145024
10655,Vivyanne Schulter,Georgia,South,32.157435;-82.907123
10271,Waldemar Orrock,North Carolina,South,35.759573;-79.0193
10368,Waldo Toffano,New York,Northeast,43.299428;-74.217933
10110,Wandis Scriviner,New York,Northeast,43.299428;-74.217933
10420,Web Kondrachenko,Nevada,West,38.80261;-116.419389
10119,Wynn Thynne,Ohio,Midwest,40.417287;-82.907123
10316,Xenos Bradick,Alabama,South,32.318231;-86.902298
10844,Zora Teliga,Florida,South,27.664827;-81.515754
10885,Abbie Dishmon,Oregon,West,43.804133;-120.554201
10173,Adrien Northway,Florida,South,27.664827;-81.515754
10879,Aeriela Ullyatt,Georgia,South,32.157435;-82.907123
10116,Aggi Odgaard,Connecticut,Northeast,41.603221;-73.087749
10697,Aili Hovert,Michigan,Midwest,44.314844;-85.602364
10171,Aili Simla,California,West,36.778261;-119.417932
10666,Alika Duligall,California,West,36.778261;-119.417932
10709,Aliza Cowell,Virginia,South,37.431573;-78.656894
10288,Drugi Edginton,AK,West,
10482,Gan Fulun,AK,West,
10347,Korie Barker,AK,West,
10578,Marc Scawn,AK,West,
10311,Amandi Baddeley,New York,Northeast,43.299428;-74.217933
10456,Amargo Prestage,Michigan,Midwest,44.314844;-85.602364
10167,Amberly Gyves,New York,Northeast,43.299428;-74.217933
10848,Amelia Dachs,Pennsylvania,Northeast,41.203322;-77.194525
10361,Andres Lancaster,Nebraska,Midwest,41.492537;-99.901813
10201,Anni Matheson,Missouri,Midwest,37.964253;-91.831833
10573,Antonella Custy,Florida,South,27.664827;-81.515754
10108,Appolonia Andretti,Arizona,West,34.048928;-111.093731
10172,Archy Peert,New York,Northeast,43.299428;-74.217933
10019,Ari Ferentz,Pennsylvania,Northeast,41.203322;-77.194525
10911,Arvy Sach,Texas,South,31.968599;-99.901813
10070,Auberon Halladay,Iowa,Midwest,41.878003;-93.097702
10356,Aubrette Tomkiss,Ohio,Midwest,40.417287;-82.907123
10531,Austina Bagster,Texas,South,31.968599;-99.901813
10134,Averell Thacker,Utah,West,39.32098;-111.093731
10745,Averell Wardhaw,Massachusetts,Northeast,42.407211;-71.382437
10581,Avigdor Lowthian,Colorado,West,39.550051;-105.782067
10079,Bald Arling,Michigan,Midwest,44.314844;-85.602364
10586,Barbie Keese,Nevada,West,38.80261;-116.419389
10040,Barde Adanet,Alabama,South,32.318231;-86.902298
10897,Barret Windham,New York,Northeast,43.299428;-74.217933
10328,Barry Gyford,Louisiana,South,31.244823;-92.145024
10144,Bartolemo Costigan,Florida,South,27.664827;-81.515754
10861,Binni Grewe,Virginia,South,37.431573;-78.656894
10537,Bobbye Dean,Kansas,Midwest,39.011902;-98.484246
10066,Braden Hawley,New Mexico,West,34.97273;-105.032363
10526,Brant Chaves,California,West,36.778261;-119.417932
10121,Brewer Rheaume,California,West,36.778261;-119.417932
10929,Brien Hun,Nebraska,Midwest,41.492537;-99.901813
10336,Brittne Mc Ilwrick,Iowa,Midwest,41.878003;-93.097702
10776,Bronson Twiggins,New Hampshire,Northeast,43.193852;-71.572395
10264,Bruis Becarra,Texas,South,31.968599;-99.901813
10159,Brunhilde Fussen,Kansas,Midwest,39.011902;-98.484246
10648,Burch Jeskins,New Jersey,Northeast,40.058324;-74.405661
10856,Burch Loxley,Colorado,West,39.550051;-105.782067
10757,Burgess Gorioli,Illinois,Midwest,40.633125;-89.398528
10637,Calhoun Mesnard,Wisconsin,Midwest,43.78444;-88.787868
10569,Calv Oliver-Paull,Nevada,West,38.80261;-116.419389
10525,Candice Bumpus,Colorado,West,39.550051;-105.782067
10049,Carilyn Korneichik,California,West,36.778261;-119.417932
10934,Carolee Fettis,Indiana,Midwest,40.551217;-85.602364
10477,Carri Keaveney,Ohio,Midwest,40.417287;-82.907123
10158,Casie Carless,Kansas,Midwest,39.011902;-98.484246
10561,Cece Crosson,Utah,West,39.32098;-111.093731
10487,Ceil Hrycek,Ohio,Midwest,40.417287;-82.907123
10162,Cello Hamor,Nebraska,Midwest,41.492537;-99.901813
10224,Chane Deary,North Carolina,South,35.759573;-79.0193
10324,Charmain Jenkins,Pennsylvania,Northeast,41.203322;-77.194525
10944,Cherilyn Riccelli,Minnesota,Midwest,46.729553;-94.6859
10432,Christian Coghlin,New York,Northeast,43.299428;-74.217933
10488,Claire Howsley,Connecticut,Northeast,41.603221;-73.087749
10469,Claudia Steuhlmeyer,Texas,South,31.968599;-99.901813
10649,Clemmie Lethieulier,Kansas,Midwest,39.011902;-98.484246
10501,Constantino Petruszka,Texas,South,31.968599;-99.901813
10205,Coop Ferrarello,Florida,South,27.664827;-81.515754
10022,Cornall Menichi,New York,Northeast,43.299428;-74.217933
10981,Crawford Destouche,California,West,36.778261;-119.417932
10940,Cristobal Simm,Indiana,Midwest,40.551217;-85.602364
10789,Curt Candish,Louisiana,South,31.244823;-92.145024
10011,Daisie Durber,Florida,South,27.664827;-81.515754
10080,Dall Bonney,Virginia,South,37.431573;-78.656894
10375,Dannie Fluck,West Virginia,South,38.597626;-80.454903
10629,Darbee Culpen,Florida,South,27.664827;-81.515754
10995,Debby Linfield,Colorado,West,39.550051;-105.782067
10869,Demetrius Mularkey,Florida,South,27.664827;-81.515754
10326,Deni Cruickshanks,Georgia,South,32.157435;-82.907123
10700,Dennet Cattellion,Kentucky,South,37.839333;-84.270018
10755,Desi Halgarth,Alabama,South,32.318231;-86.902298
10337,Devon Latour,North Carolina,South,35.759573;-79.0193
10914,Dicky Monro,Pennsylvania,Northeast,41.203322;-77.194525
10365,Dominique Toffolini,North Carolina,South,35.759573;-79.0193
10847,Donovan Vanes,Texas,South,31.968599;-99.901813
10723,Dosi Getty,New York,Northeast,43.299428;-74.217933
10309,Drucie Woodings,Ohio,Midwest,40.417287;-82.907123
10266,Eduardo Crinion,Texas,South,31.968599;-99.901813
10439,Elita Gives,Alabama,South,32.318231;-86.902298
10517,Erin Mutter,Florida,South,27.664827;-81.515754
10457,Estrella Wildblood,Montana,West,46.879682;-110.362566
10598,Eugen Lembrick,Texas,South,31.968599;-99.901813
10518,Ezra Shirer,Virginia,South,37.431573;-78.656894
10260,Farr Castro,California,West,36.778261;-119.417932
10511,Fedora Riggey,Connecticut,Northeast,41.603221;-73.087749
10186,Fergus Hauxby,Colorado,West,39.550051;-105.782067
10922,Ferguson Wynett,Texas,South,31.968599;-99.901813
10903,Flint Duthie,Texas,South,31.968599;-99.901813
10572,Frannie Gauvin,Tennessee,South,35.517491;-86.580447
10600,Freddy Ettery,Indiana,Midwest,40.551217;-85.602364
10799,Gay Siemianowicz,New Hampshire,Northeast,43.193852;-71.572395
10774,Gaylord Heyfield,Wisconsin,Midwest,43.78444;-88.787868
10747,Gerardo Mattimoe,California,West,36.778261;-119.417932
10390,Gerhardine Salman,California,West,36.778261;-119.417932
10810,Gerri Banfield,California,West,36.778261;-119.417932
10198,Gerri Bilofsky,New Jersey,Northeast,40.058324;-74.405661
10214,Gibbie Reiner,Michigan,Midwest,44.314844;-85.602364
10701,Gibby Orviss,California,West,36.778261;-119.417932
10454,Gilligan Rothwell,New York,Northeast,43.299428;-74.217933
10614,Glynis Stanlock,Texas,South,31.968599;-99.901813
10014,Gnni Tonkin,Colorado,West,39.550051;-105.782067
10346,Granger Alu,California,West,36.778261;-119.417932
10556,Guido Laxe,Pennsylvania,Northeast,41.203322;-77.194525
10154,Gunar Teaser,District of Columbia,South,38.905985;-77.033418
10140,Gusty Ragles,Louisiana,South,31.244823;-92.145024
10785,Hadria Coulsen,North Carolina,South,35.759573;-79.0193
10038,Helen-elizabeth Starbeck,Colorado,West,39.550051;-105.782067
10921,Hillyer Toffolo,Florida,South,27.664827;-81.515754
10758,Horatia Barwis,Illinois,Midwest,40.633125;-89.398528
10261,Howey Rarity,California,West,36.778261;-119.417932
10435,Hyacintha Cessford,California,West,36.778261;-119.417932
10804,Inesita Baily,Colorado,West,39.550051;-105.782067
10359,Inness Linney,Illinois,Midwest,40.633125;-89.398528
10515,Jackson Phillipson,Indiana,Midwest,40.551217;-85.602364
10046,Janeta Ricards,Minnesota,Midwest,46.729553;-94.6859
10092,Jasmina Kingswood,District of Columbia,South,38.905985;-77.033418
10217,Jedidiah McCracken,Texas,South,31.968599;-99.901813
10075,Jefferey Gives,Nebraska,Midwest,41.492537;-99.901813
10698,Jessalin Odom,Illinois,Midwest,40.633125;-89.398528
10670,Joella Marin,Ohio,Midwest,40.417287;-82.907123
10599,Johnette Prester,Louisiana,South,31.244823;-92.145024
10399,Joleen Vaulkhard,Virginia,South,37.431573;-78.656894
10551,Joyann Calleja,Indiana,Midwest,40.551217;-85.602364
10788,Joyous Heathorn,California,West,36.778261;-119.417932
10873,Juliet Gault,California,West,36.778261;-119.417932
10546,Kaitlynn Tocque,Arizona,West,34.048928;-111.093731
10653,Kale Grant,Pennsylvania,Northeast,41.203322;-77.194525
10621,Kalila McKyrrelly,Florida,South,27.664827;-81.515754
10528,Karlis Limrick,Louisiana,South,31.244823;-92.145024
10931,Karoly Bramham,North Carolina,South,35.759573;-79.0193
10016,Karon Kett,Texas,South,31.968599;-99.901813
10247,Kellina Kringe,South Dakota,Midwest,43.969515;-99.901813
10662,Kelvin Way,Iowa,Midwest,41.878003;-93.097702
10007,Kenn Davidovic,Colorado,West,39.550051;-105.782067
10712,Kesley Andrat,North Dakota,Midwest,47.551493;-101.002012
10202,Kip Steanyng,Florida,South,27.664827;-81.515754
10464,Latia Maddick,New Jersey,Northeast,40.058324;-74.405661
10299,Laura Patise,North Carolina,South,35.759573;-79.0193
10779,Laurella Lorman,Massachusetts,Northeast,42.407211;-71.382437
10421,Laverne Eborn,California,West,36.778261;-119.417932
10633,Lemar Somerville,New Mexico,West,34.97273;-105.032363
10353,Lemuel Connolly,Florida,South,27.664827;-81.515754
10279,Lennard Jarmain,Kentucky,South,37.839333;-84.270018
10406,Linoel Olenin,Washington,West,47.751074;-120.740139
10639,Livvy Founds,Texas,South,31.968599;-99.901813
10037,Loni Tzarkov,Florida,South,27.664827;-81.515754
10619,Lorinda Janusz,Montana,West,46.879682;-110.362566
10088,Lotte Blanket,California,West,36.778261;-119.417932
10041,Lotti Herion,Texas,South,31.968599;-99.901813
10025,Lotti Ilett,Minnesota,Midwest,46.729553;-94.6859
10794,Lucia Townson,Arizona,West,34.048928;-111.093731
10047,Lucky Kinsett,California,West,36.778261;-119.417932
10679,Luella Denness,Missouri,Midwest,37.964253;-91.831833
10538,Lulita Sprosson,North Carolina,South,35.759573;-79.0193
10249,Lurette Janoschek,Virginia,South,37.431573;-78.656894
10213,Maddy Mapp,Texas,South,31.968599;-99.901813
10733,Mallissa Gerriets,Louisiana,South,31.244823;-92.145024
10184,Mallorie Armitt,North Carolina,South,35.759573;-79.0193
10762,Marcile Curnick,District of Columbia,South,38.905985;-77.033418
10332,Marian Wibrew,Virginia,South,37.431573;-78.656894
10463,Marquita Aird,Arkansas,South,35.20105;-91.831833
10806,Martino Kurten,Iowa,Midwest,41.878003;-93.097702
10765,Mathias Fautly,Texas,South,31.968599;-99.901813
10020,Matthieu Grindrod,South Carolina,South,33.836081;-81.163725
10244,Maureen Gallone,District of Columbia,South,38.905985;-77.033418
10778,Mei Kingzett,North Carolina,South,35.759573;-79.0193
10864,Merola Drynan,California,West,36.778261;-119.417932
10443,Mickie Tuddenham,Florida,South,27.664827;-81.515754
10042,Mignonne De la Eglise,Nevada,West,38.80261;-116.419389
10268,Murielle Rogez,California,West,36.778261;-119.417932
10407,Myrle Ramsdell,Texas,South,31.968599;-99.901813
10276,Myrwyn Eat,Florida,South,27.664827;-81.515754
10654,Nanni Joule,New York,Northeast,43.299428;-74.217933
10033,Nara Downage,Tennessee,South,35.517491;-86.580447
10185,Neilla Brickell,Florida,South,27.664827;-81.515754
10231,Nessie Suff,Nevada,West,38.80261;-116.419389
10100,Nessy Galloway,District of Columbia,South,38.905985;-77.033418
10153,Nicolea Rohlf,Colorado,West,39.550051;-105.782067
10609,Nigel Stanistrete,Texas,South,31.968599;-99.901813
10602,Nikos Van Zon,New York,Northeast,43.299428;-74.217933
10682,Norean Heustace,New York,Northeast,43.299428;-74.217933
10800,Norrie Trundell,Georgia,South,32.157435;-82.907123
10612,Norton Fluger,Connecticut,Northeast,41.603221;-73.087749
10840,Odell Neighbour,Nebraska,Midwest,41.492537;-99.901813
10793,Olia Burgwyn,North Carolina,South,35.759573;-79.0193
10101,Olivette Stonier,California,West,36.778261;-119.417932
10813,Ollie Sayse,Nevada,West,38.80261;-116.419389
10236,Oralee McCalister,Wisconsin,Midwest,43.78444;-88.787868
10889,Oralie Scintsbury,Massachusetts,Northeast,42.407211;-71.382437
10862,Orelie Maguire,Texas,South,31.968599;-99.901813
10859,Orelle Bonson,Oklahoma,South,35.007752;-97.092877
10221,Papagena Liff,Maryland,South,39.045755;-76.641271
10687,Pat Yarr,California,West,36.778261;-119.417932
10564,Patrica Denson,Pennsylvania,Northeast,41.203322;-77.194525
10143,Patricia Hockell,Virginia,South,37.431573;-78.656894
10512,Penrod Kubczak,Pennsylvania,Northeast,41.203322;-77.194525
10663,Peyter Limprecht,Florida,South,27.664827;-81.515754
10490,Philly Ollier,Wisconsin,Midwest,43.78444;-88.787868
10087,Quincy Bausor,California,West,36.778261;-119.417932
10298,Quinta Bastide,California,West,36.778261;-119.417932
10516,Ranee Likly,Louisiana,South,31.244823;-92.145024
10405,Raynard Crowdace,District of Columbia,South,38.905985;-77.033418
10196,Ric Reoch,New York,Northeast,43.299428;-74.217933
10777,Rickert Jahncke,California,West,36.778261;-119.417932
10364,Robert Livezey,Delaware,South,38.910832;-75.52767
10187,Rodrigo Pelz,Iowa,Midwest,41.878003;-93.097702
10975,Rollie Ifill,North Carolina,South,35.759573;-79.0193
10926,Rona Armell,Illinois,Midwest,40.633125;-89.398528
10710,Roosevelt Foxcroft,Missouri,Midwest,37.964253;-91.831833
10585,Roslyn Peto,Michigan,Midwest,44.314844;-85.602364
10548,Rourke McLauchlin,Kansas,Midwest,39.011902;-98.484246
10719,Rubin Kilgannon,Georgia,South,32.157435;-82.907123
10348,Ruthann Arkin,California,West,36.778261;-119.417932
10660,Rutherford Pedycan,New York,Northeast,43.299428;-74.217933
10990,Sal Jahns,California,West,36.778261;-119.417932
10045,Sawyer Weatherley,California,West,36.778261;-119.417932
10930,Scotty O'Hannen,California,West,36.778261;-119.417932
10835,Shay Jarvie,Texas,South,31.968599;-99.901813
10226,Sherlocke Costello,Indiana,Midwest,40.551217;-85.602364
10474,Shirl Lambol,Virginia,South,37.431573;-78.656894
10522,Sophey Riccelli,Texas,South,31.968599;-99.901813
10623,Stanislas Coveley,Texas,South,31.968599;-99.901813
10553,Stephen Gallgher,New York,Northeast,43.299428;-74.217933
10579,Susi Gabits,Texas,South,31.968599;-99.901813
10413,Suzette Devonald,Missouri,Midwest,37.964253;-91.831833
10304,Suzi Muat,Maryland,South,39.045755;-76.641271
10027,Suzy Zolini,Virginia,South,37.431573;-78.656894
10408,Sven Arp,Florida,South,27.664827;-81.515754
10972,Talyah Ladson,California,West,36.778261;-119.417932
10802,Teador Cawthra,Michigan,Midwest,44.314844;-85.602364
10252,Thorstein Chantree,Texas,South,31.968599;-99.901813
10339,Thorvald Jaycock,Iowa,Midwest,41.878003;-93.097702
10169,Toddie Itzakson,Virginia,South,37.431573;-78.656894
10555,Tomi Vicary,Tennessee,South,35.517491;-86.580447
10938,Tomlin Bunny,Tennessee,South,35.517491;-86.580447
10791,Torrence Bretherick,New York,Northeast,43.299428;-74.217933
10761,Towny Chellenham,Missouri,Midwest,37.964253;-91.831833
10576,Tricia Severns,Ohio,Midwest,40.417287;-82.907123
10447,Tyrone Connochie,Kansas,Midwest,39.011902;-98.484246
10969,Vale Essex,Texas,South,31.968599;-99.901813
10736,Valery Aseef,Iowa,Midwest,41.878003;-93.097702
10163,Viki Gooderridge,Wisconsin,Midwest,43.78444;-88.787868
10497,Vinny Whittington,Indiana,Midwest,40.551217;-85.602364
10181,Vivi Dobbie,New York,Northeast,43.299428;-74.217933
10632,Vivian Collomosse,California,West,36.778261;-119.417932
10678,Wain Muffitt,Florida,South,27.664827;-81.515754
10207,Wallache Keenor,Colorado,West,39.550051;-105.782067
10467,Wanids Toulson,Washington,West,47.751074;-120.740139
10384,Westley Redgewell,Missouri,Midwest,37.964253;-91.831833
10459,Worden Gethouse,Virginia,South,37.431573;-78.656894
10784,Xenia Hagergham,California,West,36.778261;-119.417932
10989,Yasmin Roblou,New York,Northeast,43.299428;-74.217933
10933,Zacherie Battie,California,West,36.778261;-119.417932
10957,Zelig Goodey,Pennsylvania,Northeast,41.203322;-77.194525
10558,Zonda Wittman,Indiana,Midwest,40.551217;-85.602364
10760,Zonnya Bertson,Ohio,Midwest,40.417287;-82.907123
10157,Abigael Emmer,Wisconsin,Midwest,43.78444;-88.787868
10272,Abner Lilford,Connecticut,Northeast,41.603221;-73.087749
10442,Addia Randles,Georgia,South,32.157435;-82.907123
10270,Agustin Grinval,New York,Northeast,43.299428;-74.217933
10689,Ailey Guillond,Texas,South,31.968599;-99.901813
10208,Alanson D'Elia,North Carolina,South,35.759573;-79.0193
10588,Alecia Conville,Virginia,South,37.431573;-78.656894
10887,Alejandrina Corcut,Texas,South,31.968599;-99.901813
10191,Alessandro Fullerlove,Colorado,West,39.550051;-105.782067
10849,Alikee Manoelli,Illinois,Midwest,40.633125;-89.398528
10606,Aloysius Hague,Virginia,South,37.431573;-78.656894
10941,Alwyn Rowntree,Georgia,South,32.157435;-82.907123
10759,Alysia Byre,Florida,South,27.664827;-81.515754
10415,Amalee Emsden,Michigan,Midwest,44.314844;-85.602364
10015,Andra Verrill,Hawaii,West,19.898682;-155.665857
10939,Andree Lyosik,Ohio,Midwest,40.417287;-82.907123
10708,Anneliese Winterbourne,Alabama,South,32.318231;-86.902298
10506,Antoinette Mensler,Pennsylvania,Northeast,41.203322;-77.194525
10946,Antonius Goble,Illinois,Midwest,40.633125;-89.398528
10718,Archaimbaud Crebott,North Carolina,South,35.759573;-79.0193
10499,Archibald Beavon,Missouri,Midwest,37.964253;-91.831833
10860,Auguste Skyram,Ohio,Midwest,40.417287;-82.907123
10071,Aurie Tuffey,Connecticut,Northeast,41.603221;-73.087749
10970,Bail Lethem,Texas,South,31.968599;-99.901813
10563,Bald Livock,California,West,36.778261;-119.417932
10391,Barclay Renhard,Florida,South,27.664827;-81.515754
10460,Baron Roblou,California,West,36.778261;-119.417932
10577,Barry Nano,Texas,South,31.968599;-99.901813
10988,Barton Burle,Illinois,Midwest,40.633125;-89.398528
10170,Bary Trunks,Texas,South,31.968599;-99.901813
10919,Bax Blenkiron,Michigan,Midwest,44.314844;-85.602364
10832,Belle Scheffler,California,West,36.778261;-119.417932
10798,Bertie Bowne,Texas,South,31.968599;-99.901813
10242,Beverie Reeds,West Virginia,South,38.597626;-80.454903
10104,Bird Benner,Texas,South,31.968599;-99.901813
10193,Blinnie Spurier,California,West,36.778261;-119.417932
10148,Brenden Grestie,Georgia,South,32.157435;-82.907123
10426,Brent Arrow,New York,Northeast,43.299428;-74.217933
10481,Brent Flisher,Virginia,South,37.431573;-78.656894
10404,Bryanty Garr,Connecticut,Northeast,41.603221;-73.087749
10240,Bryce Bevens,California,West,36.778261;-119.417932
10312,Burty Oguz,Massachusetts,Northeast,42.407211;-71.382437
10401,Byrom Dawson,Iowa,Midwest,41.878003;-93.097702
10177,Cad Cartmael,South Carolina,South,33.836081;-81.163725
10321,Camala Loan,California,West,36.778261;-119.417932
10315,Carmel Treneman,Maryland,South,39.045755;-76.641271
10816,Carolan Duxbarry,Ohio,Midwest,40.417287;-82.907123
10842,Cedric McIlhatton,Florida,South,27.664827;-81.515754
10281,Chandler Coolson,Kentucky,South,37.839333;-84.270018
10285,Chelsy Masey,South Carolina,South,33.836081;-81.163725
10966,Cherey Cuddon,Texas,South,31.968599;-99.901813
10979,Clementina Pennrington,Montana,West,46.879682;-110.362566
10615,Colas Danjoie,Virginia,South,37.431573;-78.656894
10004,Coraline Danilyak,Texas,South,31.968599;-99.901813
10610,Cordey Makey,New York,Northeast,43.299428;-74.217933
10331,Court Christie,California,West,36.778261;-119.417932
10314,Crysta Stean,Nebraska,Midwest,41.492537;-99.901813
10996,Curtis Girvin,Indiana,Midwest,40.551217;-85.602364
10444,Dallas Paulmann,Texas,South,31.968599;-99.901813
10891,Dana Heard,Florida,South,27.664827;-81.515754
10005,Dannye D'Elias,Pennsylvania,Northeast,41.203322;-77.194525
10584,Darlleen Aitkenhead,Indiana,Midwest,40.551217;-85.602364
10222,Darnall Simion,California,West,36.778261;-119.417932
10323,Dasie Nicholson,District of Columbia,South,38.905985;-77.033418
10766,Dave Gebbie,Nevada,West,38.80261;-116.419389
10010,Debor Leffek,Florida,South,27.664827;-81.515754
10352,Dell Lawn,California,West,36.778261;-119.417932
10618,Delly Iley,Maryland,South,39.045755;-76.641271
10138,Demetri Lindenblatt,Georgia,South,32.157435;-82.907123
10554,Dominik Snawdon,Kentucky,South,37.839333;-84.270018
10742,Donetta Dumbrill,Texas,South,31.968599;-99.901813
10012,Dore Terbeck,Florida,South,27.664827;-81.515754
10258,Drake Clemont,Georgia,South,32.157435;-82.907123
10179,Drusi Giron,Texas,South,31.968599;-99.901813
10199,Dudley Zuan,Alabama,South,32.318231;-86.902298
10967,Eadmund Owttrim,Indiana,Midwest,40.551217;-85.602364
10846,Eddy Amott,California,West,36.778261;-119.417932
10396,Eleanore Panks,Texas,South,31.968599;-99.901813
10855,Electra Dainton,Oklahoma,South,35.007752;-97.092877
10265,Emalee Fitchet,Minnesota,Midwest,46.729553;-94.6859
10825,Emelita Blackmoor,South Carolina,South,33.836081;-81.163725
10925,Emery Bastie,Indiana,Midwest,40.551217;-85.602364
10351,Emmy Yellop,West Virginia,South,38.597626;-80.454903
10645,Eveline Keuntje,Texas,South,31.968599;-99.901813
10043,Fanya Dracksford,Wisconsin,Midwest,43.78444;-88.787868
10029,Farly Elen,Wisconsin,Midwest,43.78444;-88.787868
10496,Farrell Adamides,Ohio,Midwest,40.417287;-82.907123
10077,Fedora Wyleman,Texas,South,31.968599;-99.901813
10381,Fletch Forsyde,New York,Northeast,43.299428;-74.217933
10881,Fraser Stegel,Texas,South,31.968599;-99.901813
10317,Gaby Riddick,Florida,South,27.664827;-81.515754
10320,Gayler Erridge,Tennessee,South,35.517491;-86.580447
10863,Gerhard Toffanini,District of Columbia,South,38.905985;-77.033418
10195,Gerty McCourt,South Carolina,South,33.836081;-81.163725
10868,Gideon O' Kelleher,Texas,South,31.968599;-99.901813
10952,Ginelle Sutterfield,California,West,36.778261;-119.417932
10219,Godfry Makinson,Virginia,South,37.431573;-78.656894
10452,Griff Gristock,Utah,West,39.32098;-111.093731
10166,Gussi Rowth,New Mexico,West,34.97273;-105.032363
10973,Gwenora Punter,New York,Northeast,43.299428;-74.217933
10510,Gwyneth Dowdall,New York,Northeast,43.299428;-74.217933
10994,Hailee Deighton,South Carolina,South,33.836081;-81.163725
10641,Hallie Orrocks,California,West,36.778261;-119.417932
10056,Hannis Dradey,Alabama,South,32.318231;-86.902298
10131,Hastings Leguay,Nevada,West,38.80261;-116.419389
10468,Heidi Olyfant,Connecticut,Northeast,41.603221;-73.087749
10535,Hermon Bakster,California,West,36.778261;-119.417932
10002,Herschel Farquharson,Pennsylvania,Northeast,41.203322;-77.194525
10953,Hewitt Solano,Florida,South,27.664827;-81.515754
10731,Hope Dollin,Tennessee,South,35.517491;-86.580447
10854,Hugh Coxon,Arizona,West,34.048928;-111.093731
10307,Hy Wilks,Idaho,West,44.068202;-114.742041
10963,Ilse Cawcutt,California,West,36.778261;-119.417932
10006,Isidor Grestye,Washington,West,47.751074;-120.740139
10150,Itch O'Shevlan,California,West,36.778261;-119.417932
10675,Ives Crowcroft,California,West,36.778261;-119.417932
10067,Jan Grenshields,South Dakota,Midwest,43.969515;-99.901813
10489,Janaya Axtens,California,West,36.778261;-119.417932
10985,Jay McTeague,Florida,South,27.664827;-81.515754
10345,Jeffie Basten,Pennsylvania,Northeast,41.203322;-77.194525
10540,Joanna Tomkin,Texas,South,31.968599;-99.901813
10225,Joeann Tal,Texas,South,31.968599;-99.901813
10218,Johnathan Barribal,California,West,36.778261;-119.417932
10168,Josias Teideman,Arizona,West,34.048928;-111.093731
10796,Karee Wilman,California,West,36.778261;-119.417932
10440,Kareem Jakubiak,Texas,South,31.968599;-99.901813
10634,Karyn Greggor,Arizona,West,34.048928;-111.093731
10427,Kathye Halle,Utah,West,39.32098;-111.093731
10255,Katuscha Tague,Illinois,Midwest,40.633125;-89.398528
10241,Kiley Panting,Texas,South,31.968599;-99.901813
10498,Kira Braunton,Maryland,South,39.045755;-76.641271
10462,Klarika Digle,Florida,South,27.664827;-81.515754
10078,Koressa Coumbe,Florida,South,27.664827;-81.515754
10532,Kriste Joney,Arizona,West,34.048928;-111.093731
10273,Kriste Lownds,Georgia,South,32.157435;-82.907123
10050,Kristofer Leverage,Pennsylvania,Northeast,41.203322;-77.194525
10638,Kyla Keysel,Arizona,West,34.048928;-111.093731
10130,Land Kadd,Oklahoma,South,35.007752;-97.092877
10329,Lani Jefford,California,West,36.778261;-119.417932
10151,Lanna McIndrew,District of Columbia,South,38.905985;-77.033418
10491,Laural Gretton,Georgia,South,32.157435;-82.907123
10812,Laurella Weeden,California,West,36.778261;-119.417932
10819,Lauritz Fotheringham,Kansas,Midwest,39.011902;-98.484246
10883,Leland Crabbe,Minnesota,Midwest,46.729553;-94.6859
10373,Leonhard Burchfield,Ohio,Midwest,40.417287;-82.907123
10871,Lexis Wakeford,Arizona,West,34.048928;-111.093731
10589,Lilah Cuel,Arizona,West,34.048928;-111.093731
10763,Lion Marishenko,Michigan,Midwest,44.314844;-85.602364
10253,Lissa Flintuff,Michigan,Midwest,44.314844;-85.602364
10262,Lowe Gatenby,Florida,South,27.664827;-81.515754
10397,Lynnell Sargood,Florida,South,27.664827;-81.515754
10644,Lyssa Whitear,District of Columbia,South,38.905985;-77.033418
10547,Maggee Bendin,Hawaii,West,19.898682;-155.665857
10282,Maje Vasilmanov,California,West,36.778261;-119.417932
10892,Malia Tofts,New Jersey,Northeast,40.058324;-74.405661
10094,Marcelline Lathee,Texas,South,31.968599;-99.901813
10808,Marcile Boylund,Iowa,Midwest,41.878003;-93.097702
10125,Markos Saggs,Maryland,South,39.045755;-76.641271
10453,Martino Cirlos,Illinois,Midwest,40.633125;-89.398528
10341,Mattheus Littler,Arkansas,South,35.20105;-91.831833
10601,Matthiew Dorricott,Arizona,West,34.048928;-111.093731
10152,Maude Denzilow,Virginia,South,37.431573;-78.656894
10306,Maureen Glossup,South Carolina,South,33.836081;-81.163725
10235,Maurise Sconce,Nevada,West,38.80261;-116.419389
10904,Maxy Rosenbarg,Missouri,Midwest,37.964253;-91.831833
10113,Melessa Preddy,Texas,South,31.968599;-99.901813
10048,Merrilee McCane,Florida,South,27.664827;-81.515754
10991,Michaelina O'Cannon,Texas,South,31.968599;-99.901813
10520,Minor Kellen,Texas,South,31.968599;-99.901813
10082,Minor Weedall,District of Columbia,South,38.905985;-77.033418
10821,Miran Wallentin,Minnesota,Midwest,46.729553;-94.6859
10418,Mirella Eslemont,Iowa,Midwest,41.878003;-93.097702
10256,Monah Scramage,Alabama,South,32.318231;-86.902298
10927,Morgan Whapples,California,West,36.778261;-119.417932
10392,My Grimm,Texas,South,31.968599;-99.901813
10508,Myrtia Wilfinger,Massachusetts,Northeast,42.407211;-71.382437
10485,Nani Blinckhorne,Virginia,South,37.431573;-78.656894
10706,Nappie Mattaser,Georgia,South,32.157435;-82.907123
10790,Ned Moulder,California,West,36.778261;-119.417932
10571,Neron Cowling,Texas,South,31.968599;-99.901813
10322,Nevins Roll,District of Columbia,South,38.905985;-77.033418
10954,Nicolas Marshall,Massachusetts,Northeast,42.407211;-71.382437
10901,Noby Arnow,Washington,West,47.751074;-120.740139
10335,Normand Van der Kruijs,Virginia,South,37.431573;-78.656894
10529,Olag Rozenzweig,Pennsylvania,Northeast,41.203322;-77.194525
10534,Oran Retallick,Texas,South,31.968599;-99.901813
10263,Pamella Brugman,Texas,South,31.968599;-99.901813
10567,Patric Rapkins,Florida,South,27.664827;-81.515754
10245,Patrizius Braunton,District of Columbia,South,38.905985;-77.033418
10330,Pepillo Lindbergh,Kentucky,South,37.839333;-84.270018
10290,Phebe Beceril,Texas,South,31.968599;-99.901813
10805,Phylis MacMaykin,South Carolina,South,33.836081;-81.163725
10795,Quentin De Bischof,Illinois,Midwest,40.633125;-89.398528
10741,Raffaello Higgan,Texas,South,31.968599;-99.901813
10734,Reena Mackro,Texas,South,31.968599;-99.901813
10451,Regan Strutz,Georgia,South,32.157435;-82.907123
10417,Reggis MacGlory,Virginia,South,37.431573;-78.656894
10475,Rik Pithcock,Kentucky,South,37.839333;-84.270018
10877,Roldan Gallo,Delaware,South,38.910832;-75.52767
10659,Salvatore Buney,Minnesota,Midwest,46.729553;-94.6859
10068,Samaria Popplewell,Tennessee,South,35.517491;-86.580447
10291,Sanson Zotto,Connecticut,Northeast,41.603221;-73.087749
10013,Saundra Thomson,Delaware,South,38.910832;-75.52767
10197,Selestina Wenban,Tennessee,South,35.517491;-86.580447
10052,Seumas Olliver,Florida,South,27.664827;-81.515754
10053,Shalne Biddell,New York,Northeast,43.299428;-74.217933
10036,Shantee Bernth,Kansas,Midwest,39.011902;-98.484246
10419,Sheba Balk,New York,Northeast,43.299428;-74.217933
10378,Sid Hiom,District of Columbia,South,38.905985;-77.033418
10688,Smitty Hawkswell,Colorado,West,39.550051;-105.782067
10423,Spencer Castiello,New York,Northeast,43.299428;-74.217933
10142,Stefanie Quimby,Minnesota,Midwest,46.729553;-94.6859
10325,Stella Bisco,Texas,South,31.968599;-99.901813
10878,Sue Stuck,Minnesota,Midwest,46.729553;-94.6859
10828,Tabb Prozescky,Oklahoma,South,35.007752;-97.092877
10034,Talbot Hallede,Virginia,South,37.431573;-78.656894
10570,Tamarra Hearson,New York,Northeast,43.299428;-74.217933
10136,Teodora Hadaway,Arizona,West,34.048928;-111.093731
10993,Terencio Mohammed,California,West,36.778261;-119.417932
10811,Terri Herety,Virginia,South,37.431573;-78.656894
10690,Thalia McNaught,California,West,36.778261;-119.417932
10380,Thatch Klaves,Florida,South,27.664827;-81.515754
10716,Theodor Nottingam,California,West,36.778261;-119.417932
10412,Thomasina Beardshaw,Texas,South,31.968599;-99.901813
10471,Torrey Lamball,Pennsylvania,Northeast,41.203322;-77.194525
10965,Travus McAsgill,Tennessee,South,35.517491;-86.580447
10367,Tybalt Draper,West Virginia,South,38.597626;-80.454903
10822,Ulric Phorsby,Florida,South,27.664827;-81.515754
10900,Ulrica Garr,Minnesota,Midwest,46.729553;-94.6859
10703,Umberto Draisey,New York,Northeast,43.299428;-74.217933
10382,Upton Trowle,New York,Northeast,43.299428;-74.217933
10141,Ursulina Sallinger,Delaware,South,38.910832;-75.52767
10446,Vanya Follin,Kentucky,South,37.839333;-84.270018
10894,Vera Andric,California,West,36.778261;-119.417932
10009,Vernor McGillecole,Virginia,South,37.431573;-78.656894
10590,Vicky Tuminini,North Carolina,South,35.759573;-79.0193
10062,Wash Latore,North Carolina,South,35.759573;-79.0193
10076,Westley Jollye,Oklahoma,South,35.007752;-97.092877
10714,Willey Potkins,Texas,South,31.968599;-99.901813
10841,Yank Madge,Florida,South,27.664827;-81.515754
10044,Yolanda Kahler,Hawaii,West,19.898682;-155.665857
10769,Yuri Couchman,Florida,South,27.664827;-81.515754
10695,Zollie Pettyfer,Wyoming,West,43.075968;-107.290284
10305,Zolly Heilds,Texas,South,31.968599;-99.901813
10527,Agustin Deards,Florida,South,27.664827;-81.515754
10310,Aimil Soldner,Florida,South,27.664827;-81.515754
10951,Alberto Click,Texas,South,31.968599;-99.901813
10955,Alyson Leftly,Texas,South,31.968599;-99.901813
10748,Amelina Tasch,Texas,South,31.968599;-99.901813
10605,Anastasie Eaton,North Dakota,Midwest,47.551493;-101.002012
10997,Anatollo Arch,District of Columbia,South,38.905985;-77.033418
10865,Andra Lyosik,South Carolina,South,33.836081;-81.163725
10823,Antoinette Heffy,Kansas,Midwest,39.011902;-98.484246
10882,Aretha Bray,Georgia,South,32.157435;-82.907123
10592,Aretha Morgans,Iowa,Midwest,41.878003;-93.097702
10815,Jason Murford,AK,West,
10458,Ted Grogan,AK,West,
10753,Ariana Liles,Texas,South,31.968599;-99.901813
10165,Arlen Armitt,Alabama,South,32.318231;-86.902298
10188,Arman Cockerell,California,West,36.778261;-119.417932
10773,Arnoldo Mottley,Colorado,West,39.550051;-105.782067
10073,Auberon Cattonnet,California,West,36.778261;-119.417932
10895,Aubrey Surplice,Washington,West,47.751074;-120.740139
10902,Aundrea Moodie,California,West,36.778261;-119.417932
10379,Avery Campkin,New Jersey,Northeast,40.058324;-74.405661
10394,Bartlet Brunn,Connecticut,Northeast,41.603221;-73.087749
10484,Barton Foakes,Texas,South,31.968599;-99.901813
10233,Bathsheba Willimott,California,West,36.778261;-119.417932
10230,Becka Cheek,Pennsylvania,Northeast,41.203322;-77.194525
10908,Bennie Shah,Florida,South,27.664827;-81.515754
10635,Berkeley Brendish,Washington,West,47.751074;-120.740139
10018,Blaire Lamacraft,New York,Northeast,43.299428;-74.217933
10096,Brad Sollime,Florida,South,27.664827;-81.515754
10155,Brand Clapham,North Carolina,South,35.759573;-79.0193
10888,Brit Calvie,California,West,36.778261;-119.417932
10643,Brittne Galsworthy,Florida,South,27.664827;-81.515754
10893,Brodie Wickie,Wisconsin,Midwest,43.78444;-88.787868
10039,Bronny Maryman,California,West,36.778261;-119.417932
10127,Brucie Ickovits,Texas,South,31.968599;-99.901813
10021,Buddy Cregeen,Ohio,Midwest,40.417287;-82.907123
10450,Cal Grunnell,Nebraska,Midwest,41.492537;-99.901813
10544,Calvin Sweedland,Florida,South,27.664827;-81.515754
10283,Carlin McRae,Arizona,West,34.048928;-111.093731
10480,Caryl Ivanchin,California,West,36.778261;-119.417932
10275,Cathlene Becker,Texas,South,31.968599;-99.901813
10565,Cece Davidai,Texas,South,31.968599;-99.901813
10680,Cello Dudney,Delaware,South,38.910832;-75.52767
10436,Cheri Abbotts,Oklahoma,South,35.007752;-97.092877
10300,Chrissy Hyde,Minnesota,Midwest,46.729553;-94.6859
10729,Christie Kirsop,New York,Northeast,43.299428;-74.217933
10724,Clarette Pithcock,Arizona,West,34.048928;-111.093731
10180,Clarette Russ,Florida,South,27.664827;-81.515754
10203,Clarisse Govan,Wisconsin,Midwest,43.78444;-88.787868
10430,Cobbie Mantha,Minnesota,Midwest,46.729553;-94.6859
10550,Con Petschel,Texas,South,31.968599;-99.901813
10081,Concordia Shird,California,West,36.778261;-119.417932
10775,Constantina Hubber,California,West,36.778261;-119.417932
10694,Corinna Slide,South Carolina,South,33.836081;-81.163725
10711,Craggy Di Giacomettino,Mississippi,South,32.354668;-89.398528
10237,Cthrine Brabban,Michigan,Midwest,44.314844;-85.602364
10303,Dale Curry,Delaware,South,38.910832;-75.52767
10204,Dallis Leed,Ohio,Midwest,40.417287;-82.907123
10084,Danyelle Sowley,Texas,South,31.968599;-99.901813
10369,Darcy Coursor,Illinois,Midwest,40.633125;-89.398528
10583,Darwin Dahmke,Utah,West,39.32098;-111.093731
10147,Dayna Ledger,Florida,South,27.664827;-81.515754
10099,Deane Cornew,Georgia,South,32.157435;-82.907123
10874,Deeyn Koomar,Ohio,Midwest,40.417287;-82.907123
10293,Denys Dykas,Washington,West,47.751074;-120.740139
10651,Domenic Atwool,Virginia,South,37.431573;-78.656894
10737,Doreen Bonicelli,Oklahoma,South,35.007752;-97.092877
10091,Dreddy Longland,Texas,South,31.968599;-99.901813
10301,Drew Dumberell,District of Columbia,South,38.905985;-77.033418
10890,Dru Fintoph,Arizona,West,34.048928;-111.093731
10174,Drusy Mockler,North Carolina,South,35.759573;-79.0193
10296,Dulsea Godden,Colorado,West,39.550051;-105.782067
10340,Dunc Gossage,Delaware,South,38.910832;-75.52767
10807,Elinore Hagley,Florida,South,27.664827;-81.515754
10693,Eloisa Whanstall,Iowa,Midwest,41.878003;-93.097702
10500,Elvina Garroway,Virginia,South,37.431573;-78.656894
10591,Emelina Landor,Louisiana,South,31.244823;-92.145024
10665,Emeline Redwing,Florida,South,27.664827;-81.515754
10739,Erl Haimes,Florida,South,27.664827;-81.515754
10797,Esma Bassham,New York,Northeast,43.299428;-74.217933
10370,Estevan Morad,New York,Northeast,43.299428;-74.217933
10684,Ethelyn Pooke,Ohio,Midwest,40.417287;-82.907123
10102,Evelyn Tebbitt,Utah,West,39.32098;-111.093731
10416,Evelyn Turbefield,California,West,36.778261;-119.417932
10622,Farlie Petricek,Georgia,South,32.157435;-82.907123
10085,Fayette May,Alabama,South,32.318231;-86.902298
10801,Fenelia Exton,Pennsylvania,Northeast,41.203322;-77.194525
10674,Fidelia Ivy,Hawaii,West,19.898682;-155.665857
10438,Flore Doneld,Iowa,Midwest,41.878003;-93.097702
10704,Forest Taudevin,Florida,South,27.664827;-81.515754
10603,Frannie Braksper,California,West,36.778261;-119.417932
10495,Freddy Errichiello,New Mexico,West,34.97273;-105.032363
10559,Gabbi Durbridge,Florida,South,27.664827;-81.515754
10843,Garner Wordsworth,New Mexico,West,34.97273;-105.032363
10032,Garner Yukhnini,New York,Northeast,43.299428;-74.217933
10135,Garrek Champerlen,Nebraska,Midwest,41.492537;-99.901813
10278,Gasparo Scotting,North Carolina,South,35.759573;-79.0193
10617,Gav Blamires,West Virginia,South,38.597626;-80.454903
10017,Gerri Bartholomew,Texas,South,31.968599;-99.901813
10686,Giselbert Rupke,Utah,West,39.32098;-111.093731
10803,Godart Jennery,New Jersey,Northeast,40.058324;-74.405661
10830,Goran Matyukon,Virginia,South,37.431573;-78.656894
10149,Gothart Bagott,Pennsylvania,Northeast,41.203322;-77.194525
10206,Grata Larciere,Texas,South,31.968599;-99.901813
10286,Guendolen Petrou,Texas,South,31.968599;-99.901813
10740,Gwendolin Normanville,Arkansas,South,35.20105;-91.831833
10594,Hakim Nelhams,Virginia,South,37.431573;-78.656894
10833,Halie Le Houx,Oregon,West,43.804133;-120.554201
10521,Harlan O'Lehane,California,West,36.778261;-119.417932
10146,Harrie Gemmill,Rhode Island,Unknown,41.580095;-71.477429
10705,Harrie Knock,Missouri,Midwest,37.964253;-91.831833
10720,Hastie Derbyshire,New York,Northeast,43.299428;-74.217933
10628,Hedwiga Stephens,Texas,South,31.968599;-99.901813
10269,Henrietta Feltham,Louisiana,South,31.244823;-92.145024
10215,Herbie De Angelis,New York,Northeast,43.299428;-74.217933
10657,Herminia Preble,Texas,South,31.968599;-99.901813
10980,Hersh Castilla,Massachusetts,Northeast,42.407211;-71.382437
10616,Hestia Rozet,Pennsylvania,Northeast,41.203322;-77.194525
10250,Hillie Holttom,Maryland,South,39.045755;-76.641271
10376,Ignace Dillingstone,Kentucky,South,37.839333;-84.270018
10333,Ikey Abbati,Colorado,West,39.550051;-105.782067
10470,Inesita O'Cassidy,Mississippi,South,32.354668;-89.398528
10942,Ira Kenningham,Oklahoma,South,35.007752;-97.092877
10319,Issy Rawson,Michigan,Midwest,44.314844;-85.602364
10826,Ivett Godman,Texas,South,31.968599;-99.901813
10338,Jackson Pahler,Pennsylvania,Northeast,41.203322;-77.194525
10968,Jada Oakeshott,Florida,South,27.664827;-81.515754
10455,Jania Trillo,Arizona,West,34.048928;-111.093731
10727,Jarred Sexten,Missouri,Midwest,37.964253;-91.831833
10115,Jason Grocutt,Massachusetts,Northeast,42.407211;-71.382437
10836,Jemima Hayesman,District of Columbia,South,38.905985;-77.033418
10608,Jeremie Onraet,Texas,South,31.968599;-99.901813
10948,Jillian Charle,District of Columbia,South,38.905985;-77.033418
10920,Jillian Kincade,Kentucky,South,37.839333;-84.270018
10284,Joseito Turbern,Ohio,Midwest,40.417287;-82.907123
10175,Judith Clayborn,Minnesota,Midwest,46.729553;-94.6859
10726,Kalindi McMaster,Indiana,Midwest,40.551217;-85.602364
10582,Kattie Nethercott,Indiana,Midwest,40.551217;-85.602364
10562,Keely Charteris,Missouri,Midwest,37.964253;-91.831833
10735,Kelcie Bernaciak,Missouri,Midwest,37.964253;-91.831833
10683,Kelsey Pavolillo,South Carolina,South,33.836081;-81.163725
10850,Kinna Dimitriades,Florida,South,27.664827;-81.515754
10829,Kipper Seatter,Florida,South,27.664827;-81.515754
10627,Kitti Jinkin,Indiana,Midwest,40.551217;-85.602364
10541,Kordula Marchelli,Texas,South,31.968599;-99.901813
10114,Kristoforo Rainville,California,West,36.778261;-119.417932
10086,Laney Brehat,Ohio,Midwest,40.417287;-82.907123
10792,Lauraine Sanpher,California,West,36.778261;-119.417932
10292,Lebbie Connew,District of Columbia,South,38.905985;-77.033418
10156,Lemuel Sambedge,Texas,South,31.968599;-99.901813
10837,Leonore Mapp,New York,Northeast,43.299428;-74.217933
10355,Lev Linny,New York,Northeast,43.299428;-74.217933
10366,Lewiss Van Dijk,District of Columbia,South,38.905985;-77.033418
10956,Lilias Spalding,Illinois,Midwest,40.633125;-89.398528
10434,Loraine Matzel,Illinois,Midwest,40.633125;-89.398528
10257,Mac Temblett,Texas,South,31.968599;-99.901813
10593,Marti Crosscombe,Oregon,West,43.804133;-120.554201
10999,Martie Soles,Delaware,South,38.910832;-75.52767
10867,Maryrose Benardeau,Iowa,Midwest,41.878003;-93.097702
10277,Maureene Ebbrell,Florida,South,27.664827;-81.515754
10597,Maxi Cordeix,Oklahoma,South,35.007752;-97.092877
10656,Mead Rodolf,Hawaii,West,19.898682;-155.665857
10673,Melina Batchley,South Carolina,South,33.836081;-81.163725
10936,Melly Hartgill,Texas,South,31.968599;-99.901813
10074,Merrielle Strank,Florida,South,27.664827;-81.515754
10209,Michaeline Grabeham,Florida,South,27.664827;-81.515754
10971,Micheil De Clairmont,Virginia,South,37.431573;-78.656894
10642,Mill Paddie,Oklahoma,South,35.007752;-97.092877
10896,Minni Mostyn,North Carolina,South,35.759573;-79.0193
10411,Mordecai Crumb,California,West,36.778261;-119.417932
10107,Moritz McLelland,New York,Northeast,43.299428;-74.217933
10090,Mort Smillie,Indiana,Midwest,40.551217;-85.602364
10787,Myrilla Pau,Louisiana,South,31.244823;-92.145024
10905,Nanni Rodger,California,West,36.778261;-119.417932
10503,Naomi Tapper,California,West,36.778261;-119.417932
10533,Nels Swetenham,California,West,36.778261;-119.417932
10211,Nevil Bate,New York,Northeast,43.299428;-74.217933
10060,Neysa Cottisford,Kansas,Midwest,39.011902;-98.484246
10932,Nickie Dominicacci,Arkansas,South,35.20105;-91.831833
10964,Nikkie Kennaway,Missouri,Midwest,37.964253;-91.831833
10746,Nil Ainslie,Ohio,Midwest,40.417287;-82.907123
10754,Odo Jecock,Georgia,South,32.157435;-82.907123
10493,Oralee Logsdail,Utah,West,39.32098;-111.093731
10857,Orazio Upcott,Arkansas,South,35.20105;-91.831833
10504,Othilie Tieman,Texas,South,31.968599;-99.901813
10949,Page MacSkeaghan,Texas,South,31.968599;-99.901813
10358,Patric Jeskins,New York,Northeast,43.299428;-74.217933
10371,Prudi Andrini,District of Columbia,South,38.905985;-77.033418
10950,Puff Atte-Stone,California,West,36.778261;-119.417932
10636,Raddy Cray,California,West,36.778261;-119.417932
10625,Randall Bennetto,Kentucky,South,37.839333;-84.270018
10752,Rea Nassy,Tennessee,South,35.517491;-86.580447
10960,Renate Wapol,Minnesota,Midwest,46.729553;-94.6859
10232,Retha Jossel,District of Columbia,South,38.905985;-77.033418
10880,Rey Tilney,Arizona,West,34.048928;-111.093731
10441,Ricard Jewkes,Illinois,Midwest,40.633125;-89.398528
10098,Rich MacCaughey,California,West,36.778261;-119.417932
10962,Robena Topliss,New York,Northeast,43.299428;-74.217933
10764,Rodie Mallison,New York,Northeast,43.299428;-74.217933
10437,Roley Clarridge,Missouri,Midwest,37.964253;-91.831833
10958,Ronna Stanmore,Colorado,West,39.550051;-105.782067
10429,Rosalinda Fawltey,Ohio,Midwest,40.417287;-82.907123
10987,Roseanna Melonby,Illinois,Midwest,40.633125;-89.398528
10212,Rosita Zannolli,District of Columbia,South,38.905985;-77.033418
10845,Royce Coad,Texas,South,31.968599;-99.901813
10313,Rube Stranieri,Virginia,South,37.431573;-78.656894
10664,Ruperto Donnachie,Texas,South,31.968599;-99.901813
10502,Ruth Dullingham,Louisiana,South,31.244823;-92.145024
10122,Rutledge Elham,Missouri,Midwest,37.964253;-91.831833
10445,Rutledge Giottini,Missouri,Midwest,37.964253;-91.831833
10509,Sadella Lefever,Oklahoma,South,35.007752;-97.092877
10383,Sam Liffey,Oklahoma,South,35.007752;-97.092877
10916,Sayre Rotter,Georgia,South,32.157435;-82.907123
10809,Selby Kestle,Maryland,South,39.045755;-76.641271
10744,Sephira Mews,Arizona,West,34.048928;-111.093731
10349,Sigismundo Hedge,California,West,36.778261;-119.417932
10385,Simona Kingerby,Arizona,West,34.048928;-111.093731
10344,Sinclair Lacase,Texas,South,31.968599;-99.901813
10974,Solomon Veall,Alabama,South,32.318231;-86.902298
10786,Son Starmont,Illinois,Midwest,40.633125;-89.398528
10389,Sonnnie Hyatt,Missouri,Midwest,37.964253;-91.831833
10057,Spencer Daveren,Ohio,Midwest,40.417287;-82.907123
10912,Sutton Leisman,Texas,South,31.968599;-99.901813
10030,Tabby Kryszka,District of Columbia,South,38.905985;-77.033418
10715,Tammara Greatrakes,Ohio,Midwest,40.417287;-82.907123
10899,Tana Collister,Oklahoma,South,35.007752;-97.092877
10089,Tessi Rushbrooke,Georgia,South,32.157435;-82.907123
10918,Thayne Armsby,Missouri,Midwest,37.964253;-91.831833
10210,Thurstan Dumini,Virginia,South,37.431573;-78.656894
10738,Tisha McKinstry,California,West,36.778261;-119.417932
10543,Tobiah Malcolm,Louisiana,South,31.244823;-92.145024
10749,Trixy Donnett,Oregon,West,43.804133;-120.554201
10640,Turner Simoneschi,Texas,South,31.968599;-99.901813
10568,Ulla MacRorie,Wisconsin,Midwest,43.78444;-88.787868
10083,Valdemar Peggrem,Texas,South,31.968599;-99.901813
10906,Valentina Pestricke,New Jersey,Northeast,40.058324;-74.405661
10743,Valentine Laven,Florida,South,27.664827;-81.515754
10604,Vincent Capron,Texas,South,31.968599;-99.901813
10461,Virgil Chatt,Connecticut,Northeast,41.603221;-73.087749
10725,Vittoria Orred,Florida,South,27.664827;-81.515754
10064,Vivia Scoggan,Florida,South,27.664827;-81.515754
10717,Whitney Pykerman,Colorado,West,39.550051;-105.782067
10254,Yurik Sydes,South Carolina,South,33.836081;-81.163725