"product_id","ls__product_id__product_name","ls__product_id__product_id_image_web","product_brand","product_category","product_image","ls__product_image__product_image_web","rating","product_rating","wdf__product_category"
"P-RMA7V2ST","20x20 Plaid Button Pillow","https://gdc-ms-se-poc-public.s3.amazonaws.com/AIDA5QKRHPNLYMZONKLG5_gdc-ms-se-poc_Demo28/images/panther_ecom/71.jpeg","T.J.Maxx","Home Goods","https://gdc-ms-se-poc-public.s3.amazonaws.com/AIDA5QKRHPNLYMZONKLG5_gdc-ms-se-poc_Demo28/images/panther_ecom/71.jpeg","https://gdc-ms-se-poc-public.s3.amazonaws.com/AIDA5QKRHPNLYMZONKLG5_gdc-ms-se-poc_Demo28/images/panther_ecom/71.jpeg","4.0","****","Home Goods"
"P-IATI6E7C","23 inches Chess Table","https://gdc-ms-se-poc-public.s3.amazonaws.com/AIDA5QKRHPNLYMZONKLG5_gdc-ms-se-poc_Demo28/images/panther_ecom/2.webp","Wayfair","Furniture","https://gdc-ms-se-poc-public.s3.amazonaws.com/AIDA5QKRHPNLYMZONKLG5_gdc-ms-se-poc_Demo28/images/panther_ecom/2.webp","https://gdc-ms-se-poc-public.s3.amazonaws.com/AIDA5QKRHPNLYMZONKLG5_gdc-ms-se-poc_Demo28/images/panther_ecom/2.webp","4.3","****","Furniture"
"P-KODMDODH","2TB Red 5400 rpm SATA III 3.5 Internal NAS HDD","https://gdc-ms-se-poc-public.s3.amazonaws.com/AIDA5QKRHPNLYMZONKLG5_gdc-ms-se-poc_Demo28/images/panther_ecom/42.png","WD","Computers & Accessories","https://gdc-ms-se-poc-public.s3.amazonaws.com/AIDA5QKRHPNLYMZONKLG5_gdc-ms-se-poc_Demo28/images/panther_ecom/42.png","https://gdc-ms-se-poc-public.s3.amazonaws.com/AIDA5QKRHPNLYMZONKLG5_gdc-ms-se-poc_Demo28/images/panther_ecom/42.png","2.7","***","Computers & Accessories"
"P-JFNWQIFR","4' Resin Multi Purpose Table","https://gdc-ms-se-poc-public.s3.amazonaws.com/AIDA5QKRHPNLYMZONKLG5_gdc-ms-se-poc_Demo28/images/panther_ecom/92.webp","Wayfair","Furniture","https://gdc-ms-se-poc-public.s3.amazonaws.com/AIDA5QKRHPNLYMZONKLG5_gdc-ms-se-poc_Demo28/images/panther_ecom/92.webp","https://gdc-ms-se-poc-public.s3.amazonaws.com/AIDA5QKRHPNLYMZONKLG5_gdc-ms-se-poc_Demo28/images/panther_ecom/92.webp","2.7","***","Furniture"
"P-7C6SF1AO","5qt Gourmet Slow Cooker With All In One Browning","https://gdc-ms-se-poc-public.s3.amazonaws.com/AIDA5QKRHPNLYMZONKLG5_gdc-ms-se-poc_Demo28/images/panther_ecom/26.jpeg","T.J.Maxx","Home Goods","https://gdc-ms-se-poc-public.s3.amazonaws.com/AIDA5QKRHPNLYMZONKLG5_gdc-ms-se-poc_Demo28/images/panther_ecom/26.jpeg","https://gdc-ms-se-poc-public.s3.amazonaws.com/AIDA5QKRHPNLYMZONKLG5_gdc-ms-se-poc_Demo28/images/panther_ecom/26.jpeg","3.5","****","Home Goods"
"P-155PCQB5","ALSEDA","https://gdc-ms-se-poc-public.s3.amazonaws.com/AIDA5QKRHPNLYMZONKLG5_gdc-ms-se-poc_Demo28/images/panther_ecom/23.png","IKEA","Furniture","https://gdc-ms-se-poc-public.s3.amazonaws.com/AIDA5QKRHPNLYMZONKLG5_gdc-ms-se-poc_Demo28/images/panther_ecom/23.png","https://gdc-ms-se-poc-public.s3.amazonaws.com/AIDA5QKRHPNLYMZONKLG5_gdc-ms-se-poc_Demo28/images/panther_ecom/23.png","2.2","**","Furniture"
"P-I1EK2RA1","Acoustimass 6 Series V Home Theater Speaker System (Black)","https://gdc-ms-se-poc-public.s3.amazonaws.com/AIDA5QKRHPNLYMZONKLG5_gdc-ms-se-poc_Demo28/images/panther_ecom/48.jpeg","Corsair","Audio & Video Accessories","https://gdc-ms-se-poc-public.s3.amazonaws.com/AIDA5QKRHPNLYMZONKLG5_gdc-ms-se-poc_Demo28/images/panther_ecom/48.jpeg","https://gdc-ms-se-poc-public.s3.amazonaws.com/AIDA5QKRHPNLYMZONKLG5_gdc-ms-se-poc_Demo28/images/panther_ecom/48.jpeg","4.1","****","Audio & Video Accessories"
"P-MPQ6WXMT","Air-Fi Runaway AF32 Stereo Bluetooth Wireless Headphones (Black and Red)","https://gdc-ms-se-poc-public.s3.amazonaws.com/AIDA5QKRHPNLYMZONKLG5_gdc-ms-se-poc_Demo28/images/panther_ecom/18.jpeg","MEE audio","Audio & Video Accessories","https://gdc-ms-se-poc-public.s3.amazonaws.com/AIDA5QKRHPNLYMZONKLG5_gdc-ms-se-poc_Demo28/images/panther_ecom/18.jpeg","https://gdc-ms-se-poc-public.s3.amazonaws.com/AIDA5QKRHPNLYMZONKLG5_gdc-ms-se-poc_Demo28/images/panther_ecom/18.jpeg","1.1","*","Audio & Video Accessories"
"P-0EHNKABW","Alpine 480w 6.5 2way Typee Coaxial Car Speakers W/ Silk Tweeters","https://gdc-ms-se-poc-public.s3.amazonaws.com/AIDA5QKRHPNLYMZONKLG5_gdc-ms-se-poc_Demo28/images/panther_ecom/15.jpeg","Alpine","Audio & Video Accessories","https://gdc-ms-se-poc-public.s3.amazonaws.com/AIDA5QKRHPNLYMZONKLG5_gdc-ms-se-poc_Demo28/images/panther_ecom/15.jpeg","https://gdc-ms-se-poc-public.s3.amazonaws.com/AIDA5QKRHPNLYMZONKLG5_gdc-ms-se-poc_Demo28/images/panther_ecom/15.jpeg","4.3","****","Audio & Video Accessories"
"P-T25G5IH5","Angel Square Tufted Linen Ottoman","https://gdc-ms-se-poc-public.s3.amazonaws.com/AIDA5QKRHPNLYMZONKLG5_gdc-ms-se-poc_Demo28/images/panther_ecom/56.jpeg","T.J.Maxx","Furniture","https://gdc-ms-se-poc-public.s3.amazonaws.com/AIDA5QKRHPNLYMZONKLG5_gdc-ms-se-poc_Demo28/images/panther_ecom/56.jpeg","https://gdc-ms-se-poc-public.s3.amazonaws.com/AIDA5QKRHPNLYMZONKLG5_gdc-ms-se-poc_Demo28/images/panther_ecom/56.jpeg","2.4","**","Furniture"
"P-HNI2QR67","Apple - Pre-Owned iPad 3 - 64GB - Black","https://gdc-ms-se-poc-public.s3.amazonaws.com/AIDA5QKRHPNLYMZONKLG5_gdc-ms-se-poc_Demo28/images/panther_ecom/39.jpeg","Apple","Computers & Accessories","https://gdc-ms-se-poc-public.s3.amazonaws.com/AIDA5QKRHPNLYMZONKLG5_gdc-ms-se-poc_Demo28/images/panther_ecom/39.jpeg","https://gdc-ms-se-poc-public.s3.amazonaws.com/AIDA5QKRHPNLYMZONKLG5_gdc-ms-se-poc_Demo28/images/panther_ecom/39.jpeg","3.1","***","Computers & Accessories"
"P-Z1MH6RU4","Breshay 8 Drawer Rolling Storage Chest","https://gdc-ms-se-poc-public.s3.amazonaws.com/AIDA5QKRHPNLYMZONKLG5_gdc-ms-se-poc_Demo28/images/panther_ecom/32.webp","Wayfair","Furniture","https://gdc-ms-se-poc-public.s3.amazonaws.com/AIDA5QKRHPNLYMZONKLG5_gdc-ms-se-poc_Demo28/images/panther_ecom/32.webp","https://gdc-ms-se-poc-public.s3.amazonaws.com/AIDA5QKRHPNLYMZONKLG5_gdc-ms-se-poc_Demo28/images/panther_ecom/32.webp","2.2","**","Furniture"
"P-XLCOJWPX","CORSAIR VENGEANCE RGB 16GB (2x8GB) DDR4 3200MHz C16 Desktop Memory - Black","https://gdc-ms-se-poc-public.s3.amazonaws.com/AIDA5QKRHPNLYMZONKLG5_gdc-ms-se-poc_Demo28/images/panther_ecom/27.png","Corsair","Computers & Accessories","https://gdc-ms-se-poc-public.s3.amazonaws.com/AIDA5QKRHPNLYMZONKLG5_gdc-ms-se-poc_Demo28/images/panther_ecom/27.png","https://gdc-ms-se-poc-public.s3.amazonaws.com/AIDA5QKRHPNLYMZONKLG5_gdc-ms-se-poc_Demo28/images/panther_ecom/27.png","4.9","*****","Computers & Accessories"
"P-T84X228E","Calvin Klein Solid 3-in-1 Parka Jacket","https://gdc-ms-se-poc-public.s3.amazonaws.com/AIDA5QKRHPNLYMZONKLG5_gdc-ms-se-poc_Demo28/images/panther_ecom/58.jpeg","Calvin Klein","Clothing","https://gdc-ms-se-poc-public.s3.amazonaws.com/AIDA5QKRHPNLYMZONKLG5_gdc-ms-se-poc_Demo28/images/panther_ecom/58.jpeg","https://gdc-ms-se-poc-public.s3.amazonaws.com/AIDA5QKRHPNLYMZONKLG5_gdc-ms-se-poc_Demo28/images/panther_ecom/58.jpeg","4.8","*****","Clothing"
"P-YHQL78FM","Corsair Apple 8 GB Dual Channel Kit","https://gdc-ms-se-poc-public.s3.amazonaws.com/AIDA5QKRHPNLYMZONKLG5_gdc-ms-se-poc_Demo28/images/panther_ecom/66.jpg","Corsair","Computers & Accessories","https://gdc-ms-se-poc-public.s3.amazonaws.com/AIDA5QKRHPNLYMZONKLG5_gdc-ms-se-poc_Demo28/images/panther_ecom/66.jpg","https://gdc-ms-se-poc-public.s3.amazonaws.com/AIDA5QKRHPNLYMZONKLG5_gdc-ms-se-poc_Demo28/images/panther_ecom/66.jpg","5.0","*****","Computers & Accessories"
"P-OZOXVVH9","Corsair Vengeance LPX 16GB (2x8GB) 3000MHz C15 Desktop Memory Kit - Black","https://gdc-ms-se-poc-public.s3.amazonaws.com/AIDA5QKRHPNLYMZONKLG5_gdc-ms-se-poc_Demo28/images/panther_ecom/9.jpeg","Corsair","Computers & Accessories","https://gdc-ms-se-poc-public.s3.amazonaws.com/AIDA5QKRHPNLYMZONKLG5_gdc-ms-se-poc_Demo28/images/panther_ecom/9.jpeg","https://gdc-ms-se-poc-public.s3.amazonaws.com/AIDA5QKRHPNLYMZONKLG5_gdc-ms-se-poc_Demo28/images/panther_ecom/9.jpeg","2.3","**","Computers & Accessories"
"P-4CG2IOLF","DENAQ - AC Adapter for TOSHIBA SATELLITE - Black","https://gdc-ms-se-poc-public.s3.amazonaws.com/AIDA5QKRHPNLYMZONKLG5_gdc-ms-se-poc_Demo28/images/panther_ecom/3.jpeg","DENAQ","Computers & Accessories","https://gdc-ms-se-poc-public.s3.amazonaws.com/AIDA5QKRHPNLYMZONKLG5_gdc-ms-se-poc_Demo28/images/panther_ecom/3.jpeg","https://gdc-ms-se-poc-public.s3.amazonaws.com/AIDA5QKRHPNLYMZONKLG5_gdc-ms-se-poc_Demo28/images/panther_ecom/3.jpeg","2.9","***","Computers & Accessories"
"P-MSABXCSH","DESIGNED FOR GAMEDAY FULL-ZIP JACKET","https://gdc-ms-se-poc-public.s3.amazonaws.com/AIDA5QKRHPNLYMZONKLG5_gdc-ms-se-poc_Demo28/images/panther_ecom/13.webp","Adidas","Clothing","https://gdc-ms-se-poc-public.s3.amazonaws.com/AIDA5QKRHPNLYMZONKLG5_gdc-ms-se-poc_Demo28/images/panther_ecom/13.webp","https://gdc-ms-se-poc-public.s3.amazonaws.com/AIDA5QKRHPNLYMZONKLG5_gdc-ms-se-poc_Demo28/images/panther_ecom/13.webp","4.5","****","Clothing"
"P-9NRU3SVM","EKEDALEN","https://gdc-ms-se-poc-public.s3.amazonaws.com/AIDA5QKRHPNLYMZONKLG5_gdc-ms-se-poc_Demo28/images/panther_ecom/53.png","IKEA","Furniture","https://gdc-ms-se-poc-public.s3.amazonaws.com/AIDA5QKRHPNLYMZONKLG5_gdc-ms-se-poc_Demo28/images/panther_ecom/53.png","https://gdc-ms-se-poc-public.s3.amazonaws.com/AIDA5QKRHPNLYMZONKLG5_gdc-ms-se-poc_Demo28/images/panther_ecom/53.png","3.3","***","Furniture"
"P-XSZP9R64","EKOLSUND","https://gdc-ms-se-poc-public.s3.amazonaws.com/AIDA5QKRHPNLYMZONKLG5_gdc-ms-se-poc_Demo28/images/panther_ecom/68.png","IKEA","Furniture","https://gdc-ms-se-poc-public.s3.amazonaws.com/AIDA5QKRHPNLYMZONKLG5_gdc-ms-se-poc_Demo28/images/panther_ecom/68.png","https://gdc-ms-se-poc-public.s3.amazonaws.com/AIDA5QKRHPNLYMZONKLG5_gdc-ms-se-poc_Demo28/images/panther_ecom/68.png","4.7","*****","Furniture"
"P-K1125O1E","ESSENTIALS 3-STRIPES TAPERED PANTS","https://gdc-ms-se-poc-public.s3.amazonaws.com/AIDA5QKRHPNLYMZONKLG5_gdc-ms-se-poc_Demo28/images/panther_ecom/73.png","Adidas","Clothing","https://gdc-ms-se-poc-public.s3.amazonaws.com/AIDA5QKRHPNLYMZONKLG5_gdc-ms-se-poc_Demo28/images/panther_ecom/73.png","https://gdc-ms-se-poc-public.s3.amazonaws.com/AIDA5QKRHPNLYMZONKLG5_gdc-ms-se-poc_Demo28/images/panther_ecom/73.png","3.7","****","Clothing"
"P-R7M1D68U","FANBYN","https://gdc-ms-se-poc-public.s3.amazonaws.com/AIDA5QKRHPNLYMZONKLG5_gdc-ms-se-poc_Demo28/images/panther_ecom/8.png","IKEA","Furniture","https://gdc-ms-se-poc-public.s3.amazonaws.com/AIDA5QKRHPNLYMZONKLG5_gdc-ms-se-poc_Demo28/images/panther_ecom/8.png","https://gdc-ms-se-poc-public.s3.amazonaws.com/AIDA5QKRHPNLYMZONKLG5_gdc-ms-se-poc_Demo28/images/panther_ecom/8.png","4.0","****","Furniture"
"P-AM5G4O7T","Flipside 300 Backpack (Black)","https://gdc-ms-se-poc-public.s3.amazonaws.com/AIDA5QKRHPNLYMZONKLG5_gdc-ms-se-poc_Demo28/images/panther_ecom/30.jpeg","Lowepro","Clothing","https://gdc-ms-se-poc-public.s3.amazonaws.com/AIDA5QKRHPNLYMZONKLG5_gdc-ms-se-poc_Demo28/images/panther_ecom/30.jpeg","https://gdc-ms-se-poc-public.s3.amazonaws.com/AIDA5QKRHPNLYMZONKLG5_gdc-ms-se-poc_Demo28/images/panther_ecom/30.jpeg","1.5","**","Clothing"
"P-QQ2OV12P","Glam Distressed Accent Mirror","https://gdc-ms-se-poc-public.s3.amazonaws.com/AIDA5QKRHPNLYMZONKLG5_gdc-ms-se-poc_Demo28/images/panther_ecom/47.png","Wayfair","Home Goods","https://gdc-ms-se-poc-public.s3.amazonaws.com/AIDA5QKRHPNLYMZONKLG5_gdc-ms-se-poc_Demo28/images/panther_ecom/47.png","https://gdc-ms-se-poc-public.s3.amazonaws.com/AIDA5QKRHPNLYMZONKLG5_gdc-ms-se-poc_Demo28/images/panther_ecom/47.png","1.6","**","Home Goods"
"P-1BGBALTC","HYPERGLAM BOXY TEE","https://gdc-ms-se-poc-public.s3.amazonaws.com/AIDA5QKRHPNLYMZONKLG5_gdc-ms-se-poc_Demo28/images/panther_ecom/88.webp","Adidas","Clothing","https://gdc-ms-se-poc-public.s3.amazonaws.com/AIDA5QKRHPNLYMZONKLG5_gdc-ms-se-poc_Demo28/images/panther_ecom/88.webp","https://gdc-ms-se-poc-public.s3.amazonaws.com/AIDA5QKRHPNLYMZONKLG5_gdc-ms-se-poc_Demo28/images/panther_ecom/88.webp","2.7","***","Clothing"
"P-MC5L29EJ","Handmade White Chess Board Game","https://gdc-ms-se-poc-public.s3.amazonaws.com/AIDA5QKRHPNLYMZONKLG5_gdc-ms-se-poc_Demo28/images/panther_ecom/77.webp","Wayfair","Home Goods","https://gdc-ms-se-poc-public.s3.amazonaws.com/AIDA5QKRHPNLYMZONKLG5_gdc-ms-se-poc_Demo28/images/panther_ecom/77.webp","https://gdc-ms-se-poc-public.s3.amazonaws.com/AIDA5QKRHPNLYMZONKLG5_gdc-ms-se-poc_Demo28/images/panther_ecom/77.webp","2.4","**","Home Goods"
"P-YHMMKCET","Herschel Little America Laptop Backpack - Black/Tan Synthetic Leather - Classic 25.0L","https://gdc-ms-se-poc-public.s3.amazonaws.com/AIDA5QKRHPNLYMZONKLG5_gdc-ms-se-poc_Demo28/images/panther_ecom/69.jpg","Herschel","Clothing","https://gdc-ms-se-poc-public.s3.amazonaws.com/AIDA5QKRHPNLYMZONKLG5_gdc-ms-se-poc_Demo28/images/panther_ecom/69.jpg","https://gdc-ms-se-poc-public.s3.amazonaws.com/AIDA5QKRHPNLYMZONKLG5_gdc-ms-se-poc_Demo28/images/panther_ecom/69.jpg","2.0","**","Clothing"
"P-ISSHH50H","Jamo S 803 Black - Pair","https://gdc-ms-se-poc-public.s3.amazonaws.com/AIDA5QKRHPNLYMZONKLG5_gdc-ms-se-poc_Demo28/images/panther_ecom/63.jpg","Jamo","Audio & Video Accessories","https://gdc-ms-se-poc-public.s3.amazonaws.com/AIDA5QKRHPNLYMZONKLG5_gdc-ms-se-poc_Demo28/images/panther_ecom/63.jpg","https://gdc-ms-se-poc-public.s3.amazonaws.com/AIDA5QKRHPNLYMZONKLG5_gdc-ms-se-poc_Demo28/images/panther_ecom/63.jpg","2.3","**","Audio & Video Accessories"
"P-EHKJYGAL","Jamo S 81 CEN Black","https://gdc-ms-se-poc-public.s3.amazonaws.com/AIDA5QKRHPNLYMZONKLG5_gdc-ms-se-poc_Demo28/images/panther_ecom/87.jpg","Jamo","Audio & Video Accessories","https://gdc-ms-se-poc-public.s3.amazonaws.com/AIDA5QKRHPNLYMZONKLG5_gdc-ms-se-poc_Demo28/images/panther_ecom/87.jpg","https://gdc-ms-se-poc-public.s3.amazonaws.com/AIDA5QKRHPNLYMZONKLG5_gdc-ms-se-poc_Demo28/images/panther_ecom/87.jpg","3.6","****","Audio & Video Accessories"
"P-VWPB01YN","Josephine 1 Drawer Nightstand","https://gdc-ms-se-poc-public.s3.amazonaws.com/AIDA5QKRHPNLYMZONKLG5_gdc-ms-se-poc_Demo28/images/panther_ecom/14.webp","AllModern","Furniture","https://gdc-ms-se-poc-public.s3.amazonaws.com/AIDA5QKRHPNLYMZONKLG5_gdc-ms-se-poc_Demo28/images/panther_ecom/14.webp","https://gdc-ms-se-poc-public.s3.amazonaws.com/AIDA5QKRHPNLYMZONKLG5_gdc-ms-se-poc_Demo28/images/panther_ecom/14.webp","2.3","**","Furniture"
"P-AOCIVY7V","Kenwood KFC-1653MRW 6.5 2-way Marine Speakers Pair (White)","https://gdc-ms-se-poc-public.s3.amazonaws.com/AIDA5QKRHPNLYMZONKLG5_gdc-ms-se-poc_Demo28/images/panther_ecom/21.jpeg","Kenwood","Audio & Video Accessories","https://gdc-ms-se-poc-public.s3.amazonaws.com/AIDA5QKRHPNLYMZONKLG5_gdc-ms-se-poc_Demo28/images/panther_ecom/21.jpeg","https://gdc-ms-se-poc-public.s3.amazonaws.com/AIDA5QKRHPNLYMZONKLG5_gdc-ms-se-poc_Demo28/images/panther_ecom/21.jpeg","3.5","****","Audio & Video Accessories"
"P-YS3GT836","Kirkham Tufted Leather Stool","https://gdc-ms-se-poc-public.s3.amazonaws.com/AIDA5QKRHPNLYMZONKLG5_gdc-ms-se-poc_Demo28/images/panther_ecom/80.jpeg","Pottery Barn","Furniture","https://gdc-ms-se-poc-public.s3.amazonaws.com/AIDA5QKRHPNLYMZONKLG5_gdc-ms-se-poc_Demo28/images/panther_ecom/80.jpeg","https://gdc-ms-se-poc-public.s3.amazonaws.com/AIDA5QKRHPNLYMZONKLG5_gdc-ms-se-poc_Demo28/images/panther_ecom/80.jpeg","1.8","**","Furniture"
"P-V8JCV0J1","Made In Turkey Medallion Scatter Rug","https://gdc-ms-se-poc-public.s3.amazonaws.com/AIDA5QKRHPNLYMZONKLG5_gdc-ms-se-poc_Demo28/images/panther_ecom/86.jpeg","T.J.Maxx","Home Goods","https://gdc-ms-se-poc-public.s3.amazonaws.com/AIDA5QKRHPNLYMZONKLG5_gdc-ms-se-poc_Demo28/images/panther_ecom/86.jpeg","https://gdc-ms-se-poc-public.s3.amazonaws.com/AIDA5QKRHPNLYMZONKLG5_gdc-ms-se-poc_Demo28/images/panther_ecom/86.jpeg","3.6","****","Home Goods"
"P-XK8I8GS4","Mateo 36 Console Tablet","https://gdc-ms-se-poc-public.s3.amazonaws.com/AIDA5QKRHPNLYMZONKLG5_gdc-ms-se-poc_Demo28/images/panther_ecom/50.jpeg","Pottery Barn","Furniture","https://gdc-ms-se-poc-public.s3.amazonaws.com/AIDA5QKRHPNLYMZONKLG5_gdc-ms-se-poc_Demo28/images/panther_ecom/50.jpeg","https://gdc-ms-se-poc-public.s3.amazonaws.com/AIDA5QKRHPNLYMZONKLG5_gdc-ms-se-poc_Demo28/images/panther_ecom/50.jpeg","1.4","*","Furniture"
"P-FIILZP9M","Maze Tall White Geometric Bookcase","https://gdc-ms-se-poc-public.s3.amazonaws.com/AIDA5QKRHPNLYMZONKLG5_gdc-ms-se-poc_Demo28/images/panther_ecom/29.jpeg","Crates & Kids","Furniture","https://gdc-ms-se-poc-public.s3.amazonaws.com/AIDA5QKRHPNLYMZONKLG5_gdc-ms-se-poc_Demo28/images/panther_ecom/29.jpeg","https://gdc-ms-se-poc-public.s3.amazonaws.com/AIDA5QKRHPNLYMZONKLG5_gdc-ms-se-poc_Demo28/images/panther_ecom/29.jpeg","2.6","***","Furniture"
"P-9JXUBEF9","Melange Sherpa Comforter Set","https://gdc-ms-se-poc-public.s3.amazonaws.com/AIDA5QKRHPNLYMZONKLG5_gdc-ms-se-poc_Demo28/images/panther_ecom/11.jpeg","T.J.Maxx","Furniture","https://gdc-ms-se-poc-public.s3.amazonaws.com/AIDA5QKRHPNLYMZONKLG5_gdc-ms-se-poc_Demo28/images/panther_ecom/11.jpeg","https://gdc-ms-se-poc-public.s3.amazonaws.com/AIDA5QKRHPNLYMZONKLG5_gdc-ms-se-poc_Demo28/images/panther_ecom/11.jpeg","4.1","****","Furniture"
"P-DFJI5OAC","Men's Autumn And Winter Outdoor Retro Plaid Lining Design Jacket","https://gdc-ms-se-poc-public.s3.amazonaws.com/AIDA5QKRHPNLYMZONKLG5_gdc-ms-se-poc_Demo28/images/panther_ecom/49.webp","Wayrates","Clothing","https://gdc-ms-se-poc-public.s3.amazonaws.com/AIDA5QKRHPNLYMZONKLG5_gdc-ms-se-poc_Demo28/images/panther_ecom/49.webp","https://gdc-ms-se-poc-public.s3.amazonaws.com/AIDA5QKRHPNLYMZONKLG5_gdc-ms-se-poc_Demo28/images/panther_ecom/49.webp","1.3","*","Clothing"
"P-UUC7BMGK","Men's Bugaboo II Fleece Interchange Jacket","https://gdc-ms-se-poc-public.s3.amazonaws.com/AIDA5QKRHPNLYMZONKLG5_gdc-ms-se-poc_Demo28/images/panther_ecom/91.webp","Columbia","Clothing","https://gdc-ms-se-poc-public.s3.amazonaws.com/AIDA5QKRHPNLYMZONKLG5_gdc-ms-se-poc_Demo28/images/panther_ecom/91.webp","https://gdc-ms-se-poc-public.s3.amazonaws.com/AIDA5QKRHPNLYMZONKLG5_gdc-ms-se-poc_Demo28/images/panther_ecom/91.webp","2.5","**","Clothing"
"P-NX4CXFV5","Men's Double L Jeans - Classic Fit","https://gdc-ms-se-poc-public.s3.amazonaws.com/AIDA5QKRHPNLYMZONKLG5_gdc-ms-se-poc_Demo28/images/panther_ecom/19.jpeg","L.L. Bean","Clothing","https://gdc-ms-se-poc-public.s3.amazonaws.com/AIDA5QKRHPNLYMZONKLG5_gdc-ms-se-poc_Demo28/images/panther_ecom/19.jpeg","https://gdc-ms-se-poc-public.s3.amazonaws.com/AIDA5QKRHPNLYMZONKLG5_gdc-ms-se-poc_Demo28/images/panther_ecom/19.jpeg","2.8","***","Clothing"
"P-0Q97ST2J","Men's Lightweight All-Wear Hemp Volley Pants","https://gdc-ms-se-poc-public.s3.amazonaws.com/AIDA5QKRHPNLYMZONKLG5_gdc-ms-se-poc_Demo28/images/panther_ecom/22.webp","Patagonia","Clothing","https://gdc-ms-se-poc-public.s3.amazonaws.com/AIDA5QKRHPNLYMZONKLG5_gdc-ms-se-poc_Demo28/images/panther_ecom/22.webp","https://gdc-ms-se-poc-public.s3.amazonaws.com/AIDA5QKRHPNLYMZONKLG5_gdc-ms-se-poc_Demo28/images/panther_ecom/22.webp","3.5","****","Clothing"
"P-V2YOL7AH","Men's Retro Pile Fleece Jacket","https://gdc-ms-se-poc-public.s3.amazonaws.com/AIDA5QKRHPNLYMZONKLG5_gdc-ms-se-poc_Demo28/images/panther_ecom/37.webp","Patagonia","Clothing","https://gdc-ms-se-poc-public.s3.amazonaws.com/AIDA5QKRHPNLYMZONKLG5_gdc-ms-se-poc_Demo28/images/panther_ecom/37.webp","https://gdc-ms-se-poc-public.s3.amazonaws.com/AIDA5QKRHPNLYMZONKLG5_gdc-ms-se-poc_Demo28/images/panther_ecom/37.webp","2.3","**","Clothing"
"P-OV1JLP72","Men's Terrebonne Joggers","https://gdc-ms-se-poc-public.s3.amazonaws.com/AIDA5QKRHPNLYMZONKLG5_gdc-ms-se-poc_Demo28/images/panther_ecom/7.webp","Patagonia","Clothing","https://gdc-ms-se-poc-public.s3.amazonaws.com/AIDA5QKRHPNLYMZONKLG5_gdc-ms-se-poc_Demo28/images/panther_ecom/7.webp","https://gdc-ms-se-poc-public.s3.amazonaws.com/AIDA5QKRHPNLYMZONKLG5_gdc-ms-se-poc_Demo28/images/panther_ecom/7.webp","3.8","****","Clothing"
"P-IG1AB0W0","Men's Watertight II Jacket","https://gdc-ms-se-poc-public.s3.amazonaws.com/AIDA5QKRHPNLYMZONKLG5_gdc-ms-se-poc_Demo28/images/panther_ecom/61.webp","Columbia","Clothing","https://gdc-ms-se-poc-public.s3.amazonaws.com/AIDA5QKRHPNLYMZONKLG5_gdc-ms-se-poc_Demo28/images/panther_ecom/61.webp","https://gdc-ms-se-poc-public.s3.amazonaws.com/AIDA5QKRHPNLYMZONKLG5_gdc-ms-se-poc_Demo28/images/panther_ecom/61.webp","1.3","*","Clothing"
"P-JZ1G5P39","Men's Wool Blend Diamond Quilt Henley","https://gdc-ms-se-poc-public.s3.amazonaws.com/AIDA5QKRHPNLYMZONKLG5_gdc-ms-se-poc_Demo28/images/panther_ecom/52.png","Patagonia","Clothing","https://gdc-ms-se-poc-public.s3.amazonaws.com/AIDA5QKRHPNLYMZONKLG5_gdc-ms-se-poc_Demo28/images/panther_ecom/52.png","https://gdc-ms-se-poc-public.s3.amazonaws.com/AIDA5QKRHPNLYMZONKLG5_gdc-ms-se-poc_Demo28/images/panther_ecom/52.png","5.0","*****","Clothing"
"P-1RZN2MS3","Menlo 49 x 67 Reclaimed Teak Storage Cabinet","https://gdc-ms-se-poc-public.s3.amazonaws.com/AIDA5QKRHPNLYMZONKLG5_gdc-ms-se-poc_Demo28/images/panther_ecom/20.jpeg","Pottery Barn","Furniture","https://gdc-ms-se-poc-public.s3.amazonaws.com/AIDA5QKRHPNLYMZONKLG5_gdc-ms-se-poc_Demo28/images/panther_ecom/20.jpeg","https://gdc-ms-se-poc-public.s3.amazonaws.com/AIDA5QKRHPNLYMZONKLG5_gdc-ms-se-poc_Demo28/images/panther_ecom/20.jpeg","4.7","*****","Furniture"
"P-ZHBUWTA0","Motorola Wi-Fi Pet Video Camera","https://gdc-ms-se-poc-public.s3.amazonaws.com/AIDA5QKRHPNLYMZONKLG5_gdc-ms-se-poc_Demo28/images/panther_ecom/45.jpeg","Motorola","Audio & Video Accessories","https://gdc-ms-se-poc-public.s3.amazonaws.com/AIDA5QKRHPNLYMZONKLG5_gdc-ms-se-poc_Demo28/images/panther_ecom/45.jpeg","https://gdc-ms-se-poc-public.s3.amazonaws.com/AIDA5QKRHPNLYMZONKLG5_gdc-ms-se-poc_Demo28/images/panther_ecom/45.jpeg","3.5","****","Audio & Video Accessories"
"P-IW00QT67","NILSOLLE","https://gdc-ms-se-poc-public.s3.amazonaws.com/AIDA5QKRHPNLYMZONKLG5_gdc-ms-se-poc_Demo28/images/panther_ecom/83.png","IKEA","Furniture","https://gdc-ms-se-poc-public.s3.amazonaws.com/AIDA5QKRHPNLYMZONKLG5_gdc-ms-se-poc_Demo28/images/panther_ecom/83.png","https://gdc-ms-se-poc-public.s3.amazonaws.com/AIDA5QKRHPNLYMZONKLG5_gdc-ms-se-poc_Demo28/images/panther_ecom/83.png","4.4","****","Furniture"
"P-4KW88B3C","NS-SP1800BL 5.1-Channel Home Theater System (Black)","https://gdc-ms-se-poc-public.s3.amazonaws.com/AIDA5QKRHPNLYMZONKLG5_gdc-ms-se-poc_Demo28/images/panther_ecom/75.jpeg","Yamaha","Audio & Video Accessories","https://gdc-ms-se-poc-public.s3.amazonaws.com/AIDA5QKRHPNLYMZONKLG5_gdc-ms-se-poc_Demo28/images/panther_ecom/75.jpeg","https://gdc-ms-se-poc-public.s3.amazonaws.com/AIDA5QKRHPNLYMZONKLG5_gdc-ms-se-poc_Demo28/images/panther_ecom/75.jpeg","3.0","***","Audio & Video Accessories"
"P-NRIYW4Z2","Nike NBA Swingman Jersey Lakers Icon Edition 2020","https://gdc-ms-se-poc-public.s3.amazonaws.com/AIDA5QKRHPNLYMZONKLG5_gdc-ms-se-poc_Demo28/images/panther_ecom/70.webp","Nike","Clothing","https://gdc-ms-se-poc-public.s3.amazonaws.com/AIDA5QKRHPNLYMZONKLG5_gdc-ms-se-poc_Demo28/images/panther_ecom/70.webp","https://gdc-ms-se-poc-public.s3.amazonaws.com/AIDA5QKRHPNLYMZONKLG5_gdc-ms-se-poc_Demo28/images/panther_ecom/70.webp","4.9","*****","Clothing"
"P-5TTT376E","Nike Sportswear Icon Clash","https://gdc-ms-se-poc-public.s3.amazonaws.com/AIDA5QKRHPNLYMZONKLG5_gdc-ms-se-poc_Demo28/images/panther_ecom/40.png","Nike","Clothing","https://gdc-ms-se-poc-public.s3.amazonaws.com/AIDA5QKRHPNLYMZONKLG5_gdc-ms-se-poc_Demo28/images/panther_ecom/40.png","https://gdc-ms-se-poc-public.s3.amazonaws.com/AIDA5QKRHPNLYMZONKLG5_gdc-ms-se-poc_Demo28/images/panther_ecom/40.png","1.4","*","Clothing"
"P-3TA62ZFL","Nike Sportswear Storm-FIT Legacy","https://gdc-ms-se-poc-public.s3.amazonaws.com/AIDA5QKRHPNLYMZONKLG5_gdc-ms-se-poc_Demo28/images/panther_ecom/85.png","Nike","Clothing","https://gdc-ms-se-poc-public.s3.amazonaws.com/AIDA5QKRHPNLYMZONKLG5_gdc-ms-se-poc_Demo28/images/panther_ecom/85.png","https://gdc-ms-se-poc-public.s3.amazonaws.com/AIDA5QKRHPNLYMZONKLG5_gdc-ms-se-poc_Demo28/images/panther_ecom/85.png","4.4","****","Clothing"
"P-91R34DZ1","Nike Sportswear Swoosh","https://gdc-ms-se-poc-public.s3.amazonaws.com/AIDA5QKRHPNLYMZONKLG5_gdc-ms-se-poc_Demo28/images/panther_ecom/10.webp","Nike","Clothing","https://gdc-ms-se-poc-public.s3.amazonaws.com/AIDA5QKRHPNLYMZONKLG5_gdc-ms-se-poc_Demo28/images/panther_ecom/10.webp","https://gdc-ms-se-poc-public.s3.amazonaws.com/AIDA5QKRHPNLYMZONKLG5_gdc-ms-se-poc_Demo28/images/panther_ecom/10.webp","3.5","****","Clothing"
"P-2QFHKAZC","Nike Storm-FIT ADV ACG Chain of Craters","https://gdc-ms-se-poc-public.s3.amazonaws.com/AIDA5QKRHPNLYMZONKLG5_gdc-ms-se-poc_Demo28/images/panther_ecom/55.png","Nike","Clothing","https://gdc-ms-se-poc-public.s3.amazonaws.com/AIDA5QKRHPNLYMZONKLG5_gdc-ms-se-poc_Demo28/images/panther_ecom/55.png","https://gdc-ms-se-poc-public.s3.amazonaws.com/AIDA5QKRHPNLYMZONKLG5_gdc-ms-se-poc_Demo28/images/panther_ecom/55.png","1.7","**","Clothing"
"P-6GC7XGPK","OBSBOT Tiny PTZ 4K Webcam","https://gdc-ms-se-poc-public.s3.amazonaws.com/AIDA5QKRHPNLYMZONKLG5_gdc-ms-se-poc_Demo28/images/panther_ecom/54.jpg","OBSBOT","Computers & Accessories","https://gdc-ms-se-poc-public.s3.amazonaws.com/AIDA5QKRHPNLYMZONKLG5_gdc-ms-se-poc_Demo28/images/panther_ecom/54.jpg","https://gdc-ms-se-poc-public.s3.amazonaws.com/AIDA5QKRHPNLYMZONKLG5_gdc-ms-se-poc_Demo28/images/panther_ecom/54.jpg","3.9","****","Computers & Accessories"
"P-0G8HM5U2","OWN THE RUN TEE","https://gdc-ms-se-poc-public.s3.amazonaws.com/AIDA5QKRHPNLYMZONKLG5_gdc-ms-se-poc_Demo28/images/panther_ecom/43.webp","Adidas","Clothing","https://gdc-ms-se-poc-public.s3.amazonaws.com/AIDA5QKRHPNLYMZONKLG5_gdc-ms-se-poc_Demo28/images/panther_ecom/43.webp","https://gdc-ms-se-poc-public.s3.amazonaws.com/AIDA5QKRHPNLYMZONKLG5_gdc-ms-se-poc_Demo28/images/panther_ecom/43.webp","3.1","***","Clothing"
"P-WJ02AIHW","Outdoor Tech Buckshot Pro Bluetooth Speaker","https://gdc-ms-se-poc-public.s3.amazonaws.com/AIDA5QKRHPNLYMZONKLG5_gdc-ms-se-poc_Demo28/images/panther_ecom/81.jpeg","Outdoor Tech","Audio & Video Accessories","https://gdc-ms-se-poc-public.s3.amazonaws.com/AIDA5QKRHPNLYMZONKLG5_gdc-ms-se-poc_Demo28/images/panther_ecom/81.jpeg","https://gdc-ms-se-poc-public.s3.amazonaws.com/AIDA5QKRHPNLYMZONKLG5_gdc-ms-se-poc_Demo28/images/panther_ecom/81.jpeg","4.4","****","Audio & Video Accessories"
"P-VOEIYK0G","POÃ„NG","https://gdc-ms-se-poc-public.s3.amazonaws.com/AIDA5QKRHPNLYMZONKLG5_gdc-ms-se-poc_Demo28/images/panther_ecom/38.png","IKEA","Furniture","https://gdc-ms-se-poc-public.s3.amazonaws.com/AIDA5QKRHPNLYMZONKLG5_gdc-ms-se-poc_Demo28/images/panther_ecom/38.png","https://gdc-ms-se-poc-public.s3.amazonaws.com/AIDA5QKRHPNLYMZONKLG5_gdc-ms-se-poc_Demo28/images/panther_ecom/38.png","1.5","**","Furniture"
"P-BZG799N1","Panamax - 11-Outlet Surge Protector - Black","https://gdc-ms-se-poc-public.s3.amazonaws.com/AIDA5QKRHPNLYMZONKLG5_gdc-ms-se-poc_Demo28/images/panther_ecom/90.jpeg","Panamax","Audio & Video Accessories","https://gdc-ms-se-poc-public.s3.amazonaws.com/AIDA5QKRHPNLYMZONKLG5_gdc-ms-se-poc_Demo28/images/panther_ecom/90.jpeg","https://gdc-ms-se-poc-public.s3.amazonaws.com/AIDA5QKRHPNLYMZONKLG5_gdc-ms-se-poc_Demo28/images/panther_ecom/90.jpeg","1.2","*","Audio & Video Accessories"
"P-KYRSOO4D","Parquet 71 inch Reclaimed Wood Console Table","https://gdc-ms-se-poc-public.s3.amazonaws.com/AIDA5QKRHPNLYMZONKLG5_gdc-ms-se-poc_Demo28/images/panther_ecom/65.jpeg","Pottery Barn","Furniture","https://gdc-ms-se-poc-public.s3.amazonaws.com/AIDA5QKRHPNLYMZONKLG5_gdc-ms-se-poc_Demo28/images/panther_ecom/65.jpeg","https://gdc-ms-se-poc-public.s3.amazonaws.com/AIDA5QKRHPNLYMZONKLG5_gdc-ms-se-poc_Demo28/images/panther_ecom/65.jpeg","3.2","***","Furniture"
"P-Z59F8USY","Peerless - Round Ceiling Plate for Most Peerless-AV Projector Mounts - Black","https://gdc-ms-se-poc-public.s3.amazonaws.com/AIDA5QKRHPNLYMZONKLG5_gdc-ms-se-poc_Demo28/images/panther_ecom/72.jpeg","Peerless","Audio & Video Accessories","https://gdc-ms-se-poc-public.s3.amazonaws.com/AIDA5QKRHPNLYMZONKLG5_gdc-ms-se-poc_Demo28/images/panther_ecom/72.jpeg","https://gdc-ms-se-poc-public.s3.amazonaws.com/AIDA5QKRHPNLYMZONKLG5_gdc-ms-se-poc_Demo28/images/panther_ecom/72.jpeg","4.3","****","Audio & Video Accessories"
"P-2PS6UREM","Polk Audio - 50 W Woofer - Black","https://gdc-ms-se-poc-public.s3.amazonaws.com/AIDA5QKRHPNLYMZONKLG5_gdc-ms-se-poc_Demo28/images/panther_ecom/33.jpg","Polk Audio","Audio & Video Accessories","https://gdc-ms-se-poc-public.s3.amazonaws.com/AIDA5QKRHPNLYMZONKLG5_gdc-ms-se-poc_Demo28/images/panther_ecom/33.jpg","https://gdc-ms-se-poc-public.s3.amazonaws.com/AIDA5QKRHPNLYMZONKLG5_gdc-ms-se-poc_Demo28/images/panther_ecom/33.jpg","4.7","*****","Audio & Video Accessories"
"P-B01VWS38","Polk Audio T15 100 Watt Home Theater Bookshelf Speakers","https://gdc-ms-se-poc-public.s3.amazonaws.com/AIDA5QKRHPNLYMZONKLG5_gdc-ms-se-poc_Demo28/images/panther_ecom/93.jpg","Polk Audio","Audio & Video Accessories","https://gdc-ms-se-poc-public.s3.amazonaws.com/AIDA5QKRHPNLYMZONKLG5_gdc-ms-se-poc_Demo28/images/panther_ecom/93.jpg","https://gdc-ms-se-poc-public.s3.amazonaws.com/AIDA5QKRHPNLYMZONKLG5_gdc-ms-se-poc_Demo28/images/panther_ecom/93.jpg","4.7","*****","Audio & Video Accessories"
"P-WH20NQO6","Regan 35.8 inch Solid Wood Console Table","https://gdc-ms-se-poc-public.s3.amazonaws.com/AIDA5QKRHPNLYMZONKLG5_gdc-ms-se-poc_Demo28/images/panther_ecom/62.jpeg","Wayfair","Furniture","https://gdc-ms-se-poc-public.s3.amazonaws.com/AIDA5QKRHPNLYMZONKLG5_gdc-ms-se-poc_Demo28/images/panther_ecom/62.jpeg","https://gdc-ms-se-poc-public.s3.amazonaws.com/AIDA5QKRHPNLYMZONKLG5_gdc-ms-se-poc_Demo28/images/panther_ecom/62.jpeg","4.0","****","Furniture"
"P-QTCC1QZX","Rustic Reclaimed Wood Bench","https://gdc-ms-se-poc-public.s3.amazonaws.com/AIDA5QKRHPNLYMZONKLG5_gdc-ms-se-poc_Demo28/images/panther_ecom/35.jpeg","Pottery Barn","Furniture","https://gdc-ms-se-poc-public.s3.amazonaws.com/AIDA5QKRHPNLYMZONKLG5_gdc-ms-se-poc_Demo28/images/panther_ecom/35.jpeg","https://gdc-ms-se-poc-public.s3.amazonaws.com/AIDA5QKRHPNLYMZONKLG5_gdc-ms-se-poc_Demo28/images/panther_ecom/35.jpeg","1.5","**","Furniture"
"P-FKPTQI59","ST640P Universal Tilt Wall Mount for 32 to 50 Displays","https://gdc-ms-se-poc-public.s3.amazonaws.com/AIDA5QKRHPNLYMZONKLG5_gdc-ms-se-poc_Demo28/images/panther_ecom/36.jpeg","Peerless-AV","Audio & Video Accessories","https://gdc-ms-se-poc-public.s3.amazonaws.com/AIDA5QKRHPNLYMZONKLG5_gdc-ms-se-poc_Demo28/images/panther_ecom/36.jpeg","https://gdc-ms-se-poc-public.s3.amazonaws.com/AIDA5QKRHPNLYMZONKLG5_gdc-ms-se-poc_Demo28/images/panther_ecom/36.jpeg","4.6","*****","Audio & Video Accessories"
"P-4NZA2QGO","Samsung Gear Iconx 2018 Edition Cordfree Fitness Earbuds Black","https://gdc-ms-se-poc-public.s3.amazonaws.com/AIDA5QKRHPNLYMZONKLG5_gdc-ms-se-poc_Demo28/images/panther_ecom/12.jpg","Samsung","Audio & Video Accessories","https://gdc-ms-se-poc-public.s3.amazonaws.com/AIDA5QKRHPNLYMZONKLG5_gdc-ms-se-poc_Demo28/images/panther_ecom/12.jpg","https://gdc-ms-se-poc-public.s3.amazonaws.com/AIDA5QKRHPNLYMZONKLG5_gdc-ms-se-poc_Demo28/images/panther_ecom/12.jpg","3.4","***","Audio & Video Accessories"
"P-3QEYGQT6","Samsung Universal 3100mAh Portable External Battery Charger - White","https://gdc-ms-se-poc-public.s3.amazonaws.com/AIDA5QKRHPNLYMZONKLG5_gdc-ms-se-poc_Demo28/images/panther_ecom/17.jpeg","Samsung","Computers & Accessories","https://gdc-ms-se-poc-public.s3.amazonaws.com/AIDA5QKRHPNLYMZONKLG5_gdc-ms-se-poc_Demo28/images/panther_ecom/17.jpeg","https://gdc-ms-se-poc-public.s3.amazonaws.com/AIDA5QKRHPNLYMZONKLG5_gdc-ms-se-poc_Demo28/images/panther_ecom/17.jpeg","1.6","**","Computers & Accessories"
"P-6YXUDZDH","SanDisk 128GB Ultra microSDXC UHS-I Memory Card with Adapter","https://gdc-ms-se-poc-public.s3.amazonaws.com/AIDA5QKRHPNLYMZONKLG5_gdc-ms-se-poc_Demo28/images/panther_ecom/78.jpg","SanDisk","Computers & Accessories","https://gdc-ms-se-poc-public.s3.amazonaws.com/AIDA5QKRHPNLYMZONKLG5_gdc-ms-se-poc_Demo28/images/panther_ecom/78.jpg","https://gdc-ms-se-poc-public.s3.amazonaws.com/AIDA5QKRHPNLYMZONKLG5_gdc-ms-se-poc_Demo28/images/panther_ecom/78.jpg","4.8","*****","Computers & Accessories"
"P-CF5SF6B1","Sanford 22 x 67 Ladder Shelf""","https://gdc-ms-se-poc-public.s3.amazonaws.com/AIDA5QKRHPNLYMZONKLG5_gdc-ms-se-poc_Demo28/images/panther_ecom/5.jpeg","Pottery Barn","Furniture","https://gdc-ms-se-poc-public.s3.amazonaws.com/AIDA5QKRHPNLYMZONKLG5_gdc-ms-se-poc_Demo28/images/panther_ecom/5.jpeg","https://gdc-ms-se-poc-public.s3.amazonaws.com/AIDA5QKRHPNLYMZONKLG5_gdc-ms-se-poc_Demo28/images/panther_ecom/5.jpeg","2.7","***","Furniture"
"P-QCFV8W45","Sanus VLF410B1 10-Inch Super Slim Full-Motion Mount for 37 - 84 Inches TV","https://gdc-ms-se-poc-public.s3.amazonaws.com/AIDA5QKRHPNLYMZONKLG5_gdc-ms-se-poc_Demo28/images/panther_ecom/51.jpg","Sanus","Audio & Video Accessories","https://gdc-ms-se-poc-public.s3.amazonaws.com/AIDA5QKRHPNLYMZONKLG5_gdc-ms-se-poc_Demo28/images/panther_ecom/51.jpg","https://gdc-ms-se-poc-public.s3.amazonaws.com/AIDA5QKRHPNLYMZONKLG5_gdc-ms-se-poc_Demo28/images/panther_ecom/51.jpg","1.2","*","Audio & Video Accessories"
"P-ZAU2W3Z9","Shakira Task Chair","https://gdc-ms-se-poc-public.s3.amazonaws.com/AIDA5QKRHPNLYMZONKLG5_gdc-ms-se-poc_Demo28/images/panther_ecom/89.webp","AllModern","Furniture","https://gdc-ms-se-poc-public.s3.amazonaws.com/AIDA5QKRHPNLYMZONKLG5_gdc-ms-se-poc_Demo28/images/panther_ecom/89.webp","https://gdc-ms-se-poc-public.s3.amazonaws.com/AIDA5QKRHPNLYMZONKLG5_gdc-ms-se-poc_Demo28/images/panther_ecom/89.webp","3.9","****","Furniture"
"P-4T2DYSGY","Soho Desk","https://gdc-ms-se-poc-public.s3.amazonaws.com/AIDA5QKRHPNLYMZONKLG5_gdc-ms-se-poc_Demo28/images/panther_ecom/74.webp","AllModern","Furniture","https://gdc-ms-se-poc-public.s3.amazonaws.com/AIDA5QKRHPNLYMZONKLG5_gdc-ms-se-poc_Demo28/images/panther_ecom/74.webp","https://gdc-ms-se-poc-public.s3.amazonaws.com/AIDA5QKRHPNLYMZONKLG5_gdc-ms-se-poc_Demo28/images/panther_ecom/74.webp","1.0","*","Furniture"
"P-KTIPZKCX","SpeakerCraft - 6-1/2 In-Ceiling Speakers (5-Pack) - White","https://gdc-ms-se-poc-public.s3.amazonaws.com/AIDA5QKRHPNLYMZONKLG5_gdc-ms-se-poc_Demo28/images/panther_ecom/84.jpeg","SpeakerCraft","Audio & Video Accessories","https://gdc-ms-se-poc-public.s3.amazonaws.com/AIDA5QKRHPNLYMZONKLG5_gdc-ms-se-poc_Demo28/images/panther_ecom/84.jpeg","https://gdc-ms-se-poc-public.s3.amazonaws.com/AIDA5QKRHPNLYMZONKLG5_gdc-ms-se-poc_Demo28/images/panther_ecom/84.jpeg","2.7","***","Audio & Video Accessories"
"P-6JQQCPTT","The Oversized Stroopwafel Turtleneck in ReCashmere","https://gdc-ms-se-poc-public.s3.amazonaws.com/AIDA5QKRHPNLYMZONKLG5_gdc-ms-se-poc_Demo28/images/panther_ecom/82.png","Everlabe","Clothing","https://gdc-ms-se-poc-public.s3.amazonaws.com/AIDA5QKRHPNLYMZONKLG5_gdc-ms-se-poc_Demo28/images/panther_ecom/82.png","https://gdc-ms-se-poc-public.s3.amazonaws.com/AIDA5QKRHPNLYMZONKLG5_gdc-ms-se-poc_Demo28/images/panther_ecom/82.png","3.9","****","Clothing"
"P-3UGI5Q6N","Ultimate Ears MEGABLAST Portable Wi-Fi/Bluetooth Speaker - Graphite Black","https://gdc-ms-se-poc-public.s3.amazonaws.com/AIDA5QKRHPNLYMZONKLG5_gdc-ms-se-poc_Demo28/images/panther_ecom/24.jpeg","Ultimate Ears","Audio & Video Accessories","https://gdc-ms-se-poc-public.s3.amazonaws.com/AIDA5QKRHPNLYMZONKLG5_gdc-ms-se-poc_Demo28/images/panther_ecom/24.jpeg","https://gdc-ms-se-poc-public.s3.amazonaws.com/AIDA5QKRHPNLYMZONKLG5_gdc-ms-se-poc_Demo28/images/panther_ecom/24.jpeg","2.3","**","Audio & Video Accessories"
"P-WXWJ1PQH","Universal Remote Control - 48-Device Universal Remote - Black","https://gdc-ms-se-poc-public.s3.amazonaws.com/AIDA5QKRHPNLYMZONKLG5_gdc-ms-se-poc_Demo28/images/panther_ecom/6.jpeg","Universal Remote Control","Audio & Video Accessories","https://gdc-ms-se-poc-public.s3.amazonaws.com/AIDA5QKRHPNLYMZONKLG5_gdc-ms-se-poc_Demo28/images/panther_ecom/6.jpeg","https://gdc-ms-se-poc-public.s3.amazonaws.com/AIDA5QKRHPNLYMZONKLG5_gdc-ms-se-poc_Demo28/images/panther_ecom/6.jpeg","3.4","***","Audio & Video Accessories"
"P-5OZ3VDM1","Valencia Acacia Wood Stool","https://gdc-ms-se-poc-public.s3.amazonaws.com/AIDA5QKRHPNLYMZONKLG5_gdc-ms-se-poc_Demo28/images/panther_ecom/41.jpeg","T.J.Maxx","Furniture","https://gdc-ms-se-poc-public.s3.amazonaws.com/AIDA5QKRHPNLYMZONKLG5_gdc-ms-se-poc_Demo28/images/panther_ecom/41.jpeg","https://gdc-ms-se-poc-public.s3.amazonaws.com/AIDA5QKRHPNLYMZONKLG5_gdc-ms-se-poc_Demo28/images/panther_ecom/41.jpeg","4.7","*****","Furniture"
"P-TLNTAS8N","Virtually Invisible 891 In-Wall Speakers (Pair)","https://gdc-ms-se-poc-public.s3.amazonaws.com/AIDA5QKRHPNLYMZONKLG5_gdc-ms-se-poc_Demo28/images/panther_ecom/60.jpg","Bose","Audio & Video Accessories","https://gdc-ms-se-poc-public.s3.amazonaws.com/AIDA5QKRHPNLYMZONKLG5_gdc-ms-se-poc_Demo28/images/panther_ecom/60.jpg","https://gdc-ms-se-poc-public.s3.amazonaws.com/AIDA5QKRHPNLYMZONKLG5_gdc-ms-se-poc_Demo28/images/panther_ecom/60.jpg","4.2","****","Audio & Video Accessories"
"P-I2U4S51T","WINNERS TANK TOP","https://gdc-ms-se-poc-public.s3.amazonaws.com/AIDA5QKRHPNLYMZONKLG5_gdc-ms-se-poc_Demo28/images/panther_ecom/28.jpeg","Adidas","Clothing","https://gdc-ms-se-poc-public.s3.amazonaws.com/AIDA5QKRHPNLYMZONKLG5_gdc-ms-se-poc_Demo28/images/panther_ecom/28.jpeg","https://gdc-ms-se-poc-public.s3.amazonaws.com/AIDA5QKRHPNLYMZONKLG5_gdc-ms-se-poc_Demo28/images/panther_ecom/28.jpeg","2.2","**","Clothing"
"P-GYWIFA3N","Wicked Plush Robe","https://gdc-ms-se-poc-public.s3.amazonaws.com/AIDA5QKRHPNLYMZONKLG5_gdc-ms-se-poc_Demo28/images/panther_ecom/64.jpeg","L.L. Bean","Clothing","https://gdc-ms-se-poc-public.s3.amazonaws.com/AIDA5QKRHPNLYMZONKLG5_gdc-ms-se-poc_Demo28/images/panther_ecom/64.jpeg","https://gdc-ms-se-poc-public.s3.amazonaws.com/AIDA5QKRHPNLYMZONKLG5_gdc-ms-se-poc_Demo28/images/panther_ecom/64.jpeg","1.5","**","Clothing"
"P-1DCQEQ1D","Williams 3 Drawer Chest","https://gdc-ms-se-poc-public.s3.amazonaws.com/AIDA5QKRHPNLYMZONKLG5_gdc-ms-se-poc_Demo28/images/panther_ecom/44.webp","AllModern","Furniture","https://gdc-ms-se-poc-public.s3.amazonaws.com/AIDA5QKRHPNLYMZONKLG5_gdc-ms-se-poc_Demo28/images/panther_ecom/44.webp","https://gdc-ms-se-poc-public.s3.amazonaws.com/AIDA5QKRHPNLYMZONKLG5_gdc-ms-se-poc_Demo28/images/panther_ecom/44.webp","1.5","**","Furniture"
"P-ODTOG0C1","Williams Tufted Upholstered Low Profile Platform Bed","https://gdc-ms-se-poc-public.s3.amazonaws.com/AIDA5QKRHPNLYMZONKLG5_gdc-ms-se-poc_Demo28/images/panther_ecom/59.webp","AllModern","Furniture","https://gdc-ms-se-poc-public.s3.amazonaws.com/AIDA5QKRHPNLYMZONKLG5_gdc-ms-se-poc_Demo28/images/panther_ecom/59.webp","https://gdc-ms-se-poc-public.s3.amazonaws.com/AIDA5QKRHPNLYMZONKLG5_gdc-ms-se-poc_Demo28/images/panther_ecom/59.webp","3.9","****","Furniture"
"P-L3S2YL4N","Women's Ava Alpine Insulated Jacket","https://gdc-ms-se-poc-public.s3.amazonaws.com/AIDA5QKRHPNLYMZONKLG5_gdc-ms-se-poc_Demo28/images/panther_ecom/16.webp","Columbia","Clothing","https://gdc-ms-se-poc-public.s3.amazonaws.com/AIDA5QKRHPNLYMZONKLG5_gdc-ms-se-poc_Demo28/images/panther_ecom/16.webp","https://gdc-ms-se-poc-public.s3.amazonaws.com/AIDA5QKRHPNLYMZONKLG5_gdc-ms-se-poc_Demo28/images/panther_ecom/16.webp","3.5","****","Clothing"
"P-HJCBVCZ4","Women's Full-Zip HoodieNike Yoga","https://gdc-ms-se-poc-public.s3.amazonaws.com/AIDA5QKRHPNLYMZONKLG5_gdc-ms-se-poc_Demo28/images/panther_ecom/25.webp","Nike","Clothing","https://gdc-ms-se-poc-public.s3.amazonaws.com/AIDA5QKRHPNLYMZONKLG5_gdc-ms-se-poc_Demo28/images/panther_ecom/25.webp","https://gdc-ms-se-poc-public.s3.amazonaws.com/AIDA5QKRHPNLYMZONKLG5_gdc-ms-se-poc_Demo28/images/panther_ecom/25.webp","4.6","*****","Clothing"
"P-BL3RP8Y6","Women's L.L.Bean Cozy Pullover","https://gdc-ms-se-poc-public.s3.amazonaws.com/AIDA5QKRHPNLYMZONKLG5_gdc-ms-se-poc_Demo28/images/panther_ecom/4.jpeg","L.L. Bean","Clothing","https://gdc-ms-se-poc-public.s3.amazonaws.com/AIDA5QKRHPNLYMZONKLG5_gdc-ms-se-poc_Demo28/images/panther_ecom/4.jpeg","https://gdc-ms-se-poc-public.s3.amazonaws.com/AIDA5QKRHPNLYMZONKLG5_gdc-ms-se-poc_Demo28/images/panther_ecom/4.jpeg","2.9","***","Clothing"
"P-2LT415KA","Women's L.L.Bean Sweater Fleece Pullover","https://gdc-ms-se-poc-public.s3.amazonaws.com/AIDA5QKRHPNLYMZONKLG5_gdc-ms-se-poc_Demo28/images/panther_ecom/34.jpeg","L.L. Bean","Clothing","https://gdc-ms-se-poc-public.s3.amazonaws.com/AIDA5QKRHPNLYMZONKLG5_gdc-ms-se-poc_Demo28/images/panther_ecom/34.jpeg","https://gdc-ms-se-poc-public.s3.amazonaws.com/AIDA5QKRHPNLYMZONKLG5_gdc-ms-se-poc_Demo28/images/panther_ecom/34.jpeg","4.1","****","Clothing"
"P-TB2IC3IY","Women's L.L.Bean Utility Parka","https://gdc-ms-se-poc-public.s3.amazonaws.com/AIDA5QKRHPNLYMZONKLG5_gdc-ms-se-poc_Demo28/images/panther_ecom/79.jpeg","L.L. Bean","Clothing","https://gdc-ms-se-poc-public.s3.amazonaws.com/AIDA5QKRHPNLYMZONKLG5_gdc-ms-se-poc_Demo28/images/panther_ecom/79.jpeg","https://gdc-ms-se-poc-public.s3.amazonaws.com/AIDA5QKRHPNLYMZONKLG5_gdc-ms-se-poc_Demo28/images/panther_ecom/79.jpeg","3.8","****","Clothing"
"P-KW7T33TH","Women's Mountain City Long Jacket","https://gdc-ms-se-poc-public.s3.amazonaws.com/AIDA5QKRHPNLYMZONKLG5_gdc-ms-se-poc_Demo28/images/panther_ecom/76.jpeg","Columbia","Clothing","https://gdc-ms-se-poc-public.s3.amazonaws.com/AIDA5QKRHPNLYMZONKLG5_gdc-ms-se-poc_Demo28/images/panther_ecom/76.jpeg","https://gdc-ms-se-poc-public.s3.amazonaws.com/AIDA5QKRHPNLYMZONKLG5_gdc-ms-se-poc_Demo28/images/panther_ecom/76.jpeg","3.0","***","Clothing"
"P-208LVORM","Women's Mountain Croo Long Down Jacket","https://gdc-ms-se-poc-public.s3.amazonaws.com/AIDA5QKRHPNLYMZONKLG5_gdc-ms-se-poc_Demo28/images/panther_ecom/1.webp","Columbia","Clothing","https://gdc-ms-se-poc-public.s3.amazonaws.com/AIDA5QKRHPNLYMZONKLG5_gdc-ms-se-poc_Demo28/images/panther_ecom/1.webp","https://gdc-ms-se-poc-public.s3.amazonaws.com/AIDA5QKRHPNLYMZONKLG5_gdc-ms-se-poc_Demo28/images/panther_ecom/1.webp","4.3","****","Clothing"
"P-73D6VT4O","Women's Off Country Mock Neck","https://gdc-ms-se-poc-public.s3.amazonaws.com/AIDA5QKRHPNLYMZONKLG5_gdc-ms-se-poc_Demo28/images/panther_ecom/67.jpeg","Patagonia","Clothing","https://gdc-ms-se-poc-public.s3.amazonaws.com/AIDA5QKRHPNLYMZONKLG5_gdc-ms-se-poc_Demo28/images/panther_ecom/67.jpeg","https://gdc-ms-se-poc-public.s3.amazonaws.com/AIDA5QKRHPNLYMZONKLG5_gdc-ms-se-poc_Demo28/images/panther_ecom/67.jpeg","2.0","**","Clothing"
"P-0NWV2F1G","Women's West Bend Full Zip Fleece Jacket","https://gdc-ms-se-poc-public.s3.amazonaws.com/AIDA5QKRHPNLYMZONKLG5_gdc-ms-se-poc_Demo28/images/panther_ecom/46.webp","Columbia","Clothing","https://gdc-ms-se-poc-public.s3.amazonaws.com/AIDA5QKRHPNLYMZONKLG5_gdc-ms-se-poc_Demo28/images/panther_ecom/46.webp","https://gdc-ms-se-poc-public.s3.amazonaws.com/AIDA5QKRHPNLYMZONKLG5_gdc-ms-se-poc_Demo28/images/panther_ecom/46.webp","2.4","**","Clothing"
